,Home Team,Away Team,Score,Half Time Score,Match Excitement,Home Team Rating,Away Team Rating,Home Team Possession %,Away Team Possession %,Home Team Off Target Shots,Home Team On Target Shots,Home Team Total Shots,Home Team Blocked Shots,Home Team Corners,Home Team Throw Ins,Home Team Pass Success %,Home Team Aerials Won,Home Team Clearances,Home Team Fouls,Home Team Yellow Cards,Home Team Second Yellow Cards,Home Team Red Cards,Away Team Off Target Shots,Away Team On Target Shots,Away Team Total Shots,Away Team Blocked Shots,Away Team Corners,Away Team Throw Ins,Away Team Pass Success %,Away Team Aerials Won,Away Team Clearances,Away Team Fouls,Away Team Yellow Cards,Away Team Second Yellow Cards,Away Team Red Cards,Home Team Goals Scored,Away Team Goals Scored,Home Team Goals Conceeded,Away Team Goals Conceeded,year
2280,EIBAR,CELTA,0-0,0-0,2.0,5.1,6.2,50,50,6.0,1.0,8.0,1.0,3.0,38.0,55.0,41.0,14.0,16.0,3.0,1.0,0.0,3.0,3.0,6.0,0.0,3.0,38.0,57.0,26.0,28.0,13.0,4.0,0.0,0.0,0,0,0,0,2020
2281,GRANADA,ATHLETIC,2-0,0-0,3.5,6.7,5.6,40,60,2.0,2.0,4.0,0.0,1.0,22.0,69.0,22.0,28.0,8.0,3.0,0.0,0.0,7.0,2.0,9.0,0.0,2.0,31.0,77.0,25.0,11.0,10.0,4.0,0.0,0.0,2,0,0,2,2020
2282,CÁDIZ CF,OSASUNA,0-2,0-1,3.6,5.5,6.2,53,47,7.0,3.0,12.0,2.0,6.0,16.0,68.0,24.0,11.0,14.0,2.0,0.0,0.0,2.0,4.0,6.0,1.0,2.0,26.0,61.0,42.0,18.0,21.0,2.0,0.0,0.0,0,2,2,0,2020
2283,ALAVÉS,REAL BETIS,0-1,0-0,4.1,5.6,6.6,42,58,3.0,2.0,7.0,2.0,6.0,26.0,76.0,23.0,10.0,19.0,3.0,0.0,0.0,5.0,4.0,11.0,2.0,4.0,23.0,78.0,7.0,10.0,17.0,3.0,0.0,0.0,0,1,1,0,2020
2284,VALLADOLID,REAL SOCIEDAD,1-1,1-0,3.9,5.8,6.2,40,60,5.0,3.0,8.0,0.0,5.0,18.0,66.0,21.0,17.0,15.0,4.0,0.0,0.0,6.0,2.0,8.0,0.0,3.0,29.0,75.0,25.0,19.0,17.0,1.0,0.0,0.0,1,1,1,1,2020
2285,VILLARREAL,HUESCA,1-1,0-1,4.9,6.1,6.8,66,34,7.0,4.0,15.0,4.0,6.0,21.0,86.0,13.0,11.0,10.0,1.0,0.0,0.0,4.0,3.0,10.0,3.0,6.0,11.0,75.0,15.0,26.0,22.0,1.0,0.0,0.0,1,1,1,1,2020
2286,VALENCIA,LEVANTE,4-2,2-2,9.5,7.0,5.3,44,56,4.0,8.0,14.0,2.0,3.0,13.0,80.0,15.0,16.0,9.0,1.0,0.0,0.0,9.0,8.0,19.0,2.0,4.0,24.0,86.0,12.0,9.0,14.0,3.0,0.0,0.0,4,2,2,4,2020
2287,ATLETICO MADRID,SEVILLA FC,2-0,1-0,4.3,6.8,6.2,34,66,0.0,4.0,5.0,1.0,3.0,12.0,82.0,11.0,29.0,14.0,2.0,0.0,0.0,7.0,2.0,13.0,4.0,12.0,21.0,90.0,8.0,8.0,11.0,0.0,0.0,0.0,2,0,0,2,2020
2288,REAL MADRID,GETAFE,2-0,0-0,3.7,6.9,5.5,68,32,7.0,4.0,14.0,3.0,8.0,26.0,85.0,12.0,9.0,8.0,1.0,0.0,0.0,1.0,0.0,1.0,0.0,1.0,25.0,65.0,9.0,16.0,16.0,1.0,0.0,0.0,2,0,0,2,2020
2289,BARCELONA,ELCHE,3-0,0-0,4.4,7.6,5.4,65,35,1.0,5.0,9.0,3.0,6.0,12.0,91.0,9.0,6.0,8.0,0.0,0.0,0.0,5.0,1.0,6.0,0.0,3.0,11.0,84.0,5.0,17.0,8.0,0.0,0.0,0.0,3,0,0,3,2020
2290,VILLARREAL,EIBAR,2-1,0-0,5.6,6.7,5.6,58,42,6.0,8.0,14.0,0.0,4.0,24.0,78.0,22.0,20.0,5.0,1.0,0.0,0.0,6.0,4.0,12.0,2.0,3.0,19.0,71.0,17.0,13.0,12.0,1.0,0.0,0.0,2,1,1,2,2020
2291,GETAFE,OSASUNA,1-0,0-0,2.6,5.7,5.4,55,45,4.0,1.0,7.0,2.0,4.0,35.0,65.0,33.0,12.0,19.0,4.0,0.0,0.0,6.0,3.0,10.0,1.0,1.0,26.0,56.0,43.0,22.0,13.0,2.0,0.0,0.0,1,0,0,1,2020
2292,CELTA,VALENCIA,2-1,1-0,6.5,6.7,5.7,51,49,10.0,6.0,23.0,7.0,6.0,16.0,82.0,11.0,24.0,12.0,3.0,0.0,0.0,4.0,3.0,9.0,2.0,6.0,14.0,82.0,17.0,14.0,13.0,1.0,0.0,0.0,2,1,1,2,2020
2293,HUESCA,CÁDIZ CF,0-2,0-1,3.4,5.3,7.2,71,29,3.0,1.0,4.0,1.0,2.0,25.0,86.0,18.0,11.0,18.0,3.0,0.0,0.0,2.0,4.0,6.0,0.0,1.0,20.0,63.0,15.0,13.0,23.0,3.0,0.0,0.0,0,2,2,0,2020
2294,REAL BETIS,VALLADOLID,2-0,2-0,4.1,7.0,5.2,56,44,6.0,6.0,16.0,4.0,5.0,20.0,81.0,17.0,17.0,18.0,3.0,0.0,0.0,3.0,2.0,9.0,4.0,3.0,21.0,76.0,13.0,10.0,10.0,0.0,0.0,0.0,2,0,0,2,2020
2295,GRANADA,ALAVÉS,2-1,1-1,5.3,6.6,5.6,56,44,5.0,3.0,10.0,2.0,4.0,27.0,76.0,22.0,18.0,9.0,0.0,0.0,0.0,0.0,3.0,5.0,2.0,4.0,25.0,68.0,20.0,15.0,12.0,3.0,0.0,0.0,2,1,1,2,2020
2296,REAL SOCIEDAD,REAL MADRID,0-0,0-0,2.7,6.0,6.8,32,68,4.0,1.0,6.0,1.0,1.0,12.0,76.0,10.0,26.0,17.0,2.0,0.0,0.0,5.0,4.0,16.0,7.0,11.0,21.0,89.0,17.0,8.0,12.0,2.0,0.0,0.0,0,0,0,0,2020
2297,ATHLETIC,BARCELONA,2-3,1-2,8.8,5.4,7.9,43,57,4.0,3.0,8.0,1.0,3.0,22.0,85.0,7.0,17.0,10.0,2.0,0.0,0.0,4.0,9.0,13.0,0.0,4.0,18.0,90.0,9.0,9.0,6.0,1.0,0.0,0.0,2,3,3,2,2020
2298,LEVANTE,ATLETICO MADRID,1-1,1-1,4.7,6.6,6.5,36,64,3.0,4.0,7.0,0.0,1.0,9.0,77.0,5.0,40.0,10.0,1.0,0.0,0.0,6.0,6.0,14.0,2.0,8.0,26.0,83.0,11.0,7.0,10.0,3.0,0.0,0.0,1,1,1,1,2020
2299,SEVILLA FC,ELCHE,2-0,1-0,5.2,7.0,5.6,67,33,5.0,8.0,13.0,1.0,4.0,10.0,90.0,13.0,15.0,9.0,2.0,0.0,0.0,3.0,5.0,11.0,3.0,1.0,18.0,82.0,16.0,11.0,8.0,1.0,0.0,0.0,2,0,0,2,2020
2300,ALAVÉS,GETAFE,0-0,0-0,2.0,5.5,6.4,47,53,8.0,1.0,9.0,1.0,1.0,30.0,55.0,35.0,14.0,13.0,2.0,0.0,0.0,6.0,4.0,11.0,1.0,5.0,31.0,65.0,23.0,23.0,13.0,2.0,0.0,0.0,0,0,0,0,2020
2301,VALENCIA,HUESCA,1-1,1-0,4.4,5.6,7.0,48,52,2.0,2.0,5.0,1.0,4.0,22.0,77.0,16.0,28.0,14.0,0.0,0.0,0.0,9.0,4.0,17.0,4.0,4.0,24.0,83.0,20.0,18.0,20.0,1.0,0.0,0.0,1,1,1,1,2020
2302,ELCHE,REAL SOCIEDAD,0-3,0-0,6.1,4.7,7.9,40,60,2.0,2.0,5.0,1.0,2.0,15.0,76.0,13.0,45.0,11.0,3.0,0.0,0.0,7.0,7.0,27.0,13.0,11.0,29.0,86.0,21.0,11.0,12.0,1.0,0.0,0.0,0,3,3,0,2020
2303,REAL BETIS,REAL MADRID,2-3,2-1,8.7,5.1,6.8,46,54,5.0,5.0,15.0,5.0,8.0,18.0,82.0,12.0,12.0,9.0,5.0,0.0,1.0,7.0,4.0,11.0,1.0,3.0,24.0,86.0,12.0,10.0,10.0,2.0,0.0,0.0,2,3,3,2,2020
2304,OSASUNA,LEVANTE,1-3,1-1,5.9,4.5,6.7,40,60,4.0,4.0,8.0,1.0,3.0,19.0,62.0,22.0,16.0,15.0,2.0,0.0,0.0,5.0,5.0,11.0,1.0,7.0,25.0,72.0,23.0,14.0,16.0,0.0,0.0,0.0,1,3,3,1,2020
2305,EIBAR,ATHLETIC,1-2,0-1,5.3,5.3,6.5,49,51,6.0,1.0,7.0,0.0,5.0,30.0,63.0,35.0,23.0,15.0,1.0,0.0,0.0,3.0,5.0,9.0,1.0,4.0,25.0,63.0,44.0,22.0,12.0,0.0,0.0,0.0,1,2,2,1,2020
2306,ATLETICO MADRID,GRANADA,6-1,1-0,8.2,7.9,4.3,55,45,7.0,10.0,17.0,0.0,1.0,20.0,84.0,20.0,21.0,16.0,3.0,0.0,0.0,3.0,6.0,11.0,2.0,1.0,17.0,75.0,22.0,12.0,14.0,1.0,0.0,0.0,6,1,1,6,2020
2307,VALLADOLID,CELTA,1-1,0-1,4.0,6.2,6.2,54,46,5.0,4.0,10.0,1.0,4.0,32.0,74.0,10.0,8.0,26.0,3.0,0.0,0.0,3.0,1.0,5.0,1.0,1.0,24.0,71.0,21.0,32.0,17.0,4.0,0.0,0.0,1,1,1,1,2020
2308,CÁDIZ CF,SEVILLA FC,1-3,0-0,6.8,5.1,6.9,24,76,6.0,5.0,12.0,1.0,6.0,12.0,61.0,21.0,14.0,9.0,4.0,0.0,0.0,7.0,5.0,14.0,2.0,5.0,19.0,91.0,15.0,20.0,14.0,2.0,0.0,0.0,1,3,3,1,2020
2309,BARCELONA,VILLARREAL,4-0,4-0,5.7,8.7,4.1,56,44,3.0,9.0,17.0,5.0,8.0,14.0,89.0,5.0,16.0,9.0,0.0,0.0,0.0,2.0,1.0,5.0,2.0,4.0,9.0,85.0,6.0,7.0,10.0,1.0,0.0,0.0,4,0,0,4,2020
2310,REAL SOCIEDAD,VALENCIA,0-1,0-0,3.4,5.6,6.5,65,35,5.0,3.0,11.0,3.0,9.0,19.0,83.0,22.0,8.0,16.0,1.0,0.0,0.0,1.0,5.0,9.0,3.0,3.0,13.0,71.0,18.0,27.0,15.0,5.0,0.0,0.0,0,1,1,0,2020
2311,GETAFE,REAL BETIS,3-0,3-0,4.6,6.9,5.3,30,70,1.0,4.0,8.0,3.0,1.0,26.0,58.0,18.0,16.0,15.0,4.0,0.0,0.0,4.0,2.0,10.0,4.0,4.0,24.0,84.0,18.0,11.0,17.0,3.0,1.0,0.0,3,0,0,3,2020
2312,HUESCA,ATLETICO MADRID,0-0,0-0,3.1,7.0,5.7,37,63,4.0,3.0,9.0,2.0,5.0,13.0,76.0,17.0,22.0,13.0,1.0,0.0,0.0,7.0,2.0,16.0,7.0,7.0,23.0,86.0,19.0,9.0,10.0,0.0,0.0,0.0,0,0,0,0,2020
2313,VILLARREAL,ALAVÉS,3-1,2-1,5.6,7.3,5.1,59,41,4.0,6.0,10.0,0.0,2.0,24.0,83.0,9.0,10.0,11.0,0.0,0.0,0.0,5.0,3.0,8.0,0.0,0.0,21.0,75.0,21.0,18.0,13.0,2.0,0.0,0.0,3,1,1,3,2020
2314,EIBAR,ELCHE,0-1,0-1,3.1,5.3,6.8,61,39,7.0,4.0,12.0,1.0,3.0,34.0,84.0,18.0,6.0,9.0,2.0,0.0,0.0,1.0,2.0,5.0,2.0,2.0,27.0,66.0,19.0,27.0,14.0,2.0,0.0,0.0,0,1,1,0,2020
2315,REAL MADRID,VALLADOLID,1-0,0-0,4.4,6.4,6.1,63,37,6.0,5.0,15.0,4.0,4.0,19.0,87.0,15.0,19.0,11.0,2.0,0.0,0.0,6.0,5.0,11.0,0.0,7.0,22.0,79.0,13.0,20.0,7.0,1.0,0.0,0.0,1,0,0,1,2020
2316,ATHLETIC,CÁDIZ CF,0-1,0-0,3.8,5.2,6.0,72,28,7.0,4.0,13.0,2.0,5.0,20.0,83.0,21.0,11.0,15.0,3.0,0.0,0.0,2.0,1.0,3.0,0.0,2.0,13.0,59.0,18.0,28.0,16.0,3.0,2.0,0.0,0,1,1,0,2020
2317,SEVILLA FC,LEVANTE,1-0,0-0,3.3,6.5,5.5,65,35,11.0,2.0,16.0,3.0,2.0,16.0,88.0,14.0,7.0,14.0,6.0,0.0,0.0,2.0,1.0,3.0,0.0,4.0,22.0,76.0,9.0,14.0,17.0,2.0,0.0,0.0,1,0,0,1,2020
2318,CELTA,BARCELONA,0-3,0-1,6.2,4.9,7.3,44,56,2.0,3.0,10.0,5.0,3.0,15.0,81.0,5.0,10.0,22.0,5.0,0.0,0.0,2.0,4.0,7.0,1.0,7.0,17.0,86.0,5.0,15.0,10.0,4.0,1.0,0.0,0,3,3,0,2020
2319,GRANADA,OSASUNA,2-0,2-0,3.7,6.3,5.4,40,60,2.0,2.0,9.0,5.0,4.0,25.0,58.0,24.0,23.0,16.0,1.0,0.0,0.0,6.0,3.0,15.0,6.0,4.0,29.0,75.0,26.0,12.0,17.0,4.0,0.0,0.0,2,0,0,2,2020
2320,VALLADOLID,EIBAR,1-2,1-1,6.0,4.7,6.0,53,47,4.0,3.0,9.0,2.0,3.0,23.0,69.0,12.0,15.0,11.0,2.0,0.0,0.0,5.0,5.0,11.0,1.0,4.0,24.0,65.0,23.0,14.0,21.0,3.0,0.0,1.0,1,2,2,1,2020
2321,ATLETICO MADRID,VILLARREAL,0-0,0-0,2.4,6.4,6.9,54,46,7.0,1.0,13.0,6.0,9.0,16.0,87.0,8.0,16.0,11.0,1.0,0.0,0.0,4.0,2.0,6.0,0.0,1.0,17.0,84.0,13.0,33.0,7.0,2.0,0.0,0.0,0,0,0,0,2020
2322,REAL SOCIEDAD,GETAFE,3-0,1-0,4.7,7.7,4.4,53,47,2.0,6.0,11.0,3.0,5.0,30.0,69.0,25.0,14.0,21.0,3.0,0.0,0.0,2.0,1.0,5.0,2.0,4.0,26.0,64.0,22.0,18.0,13.0,3.0,0.0,0.0,3,0,0,3,2020
2323,ELCHE,HUESCA,0-0,0-0,2.2,6.3,6.4,51,49,2.0,0.0,2.0,0.0,0.0,19.0,83.0,8.0,21.0,8.0,0.0,0.0,0.0,10.0,4.0,18.0,4.0,5.0,14.0,86.0,8.0,7.0,26.0,2.0,0.0,0.0,0,0,0,0,2020
2324,VALENCIA,REAL BETIS,0-2,0-1,4.5,5.0,7.4,47,53,1.0,2.0,5.0,2.0,4.0,19.0,81.0,17.0,16.0,11.0,2.0,0.0,0.0,6.0,8.0,17.0,3.0,7.0,26.0,84.0,11.0,10.0,14.0,2.0,0.0,0.0,0,2,2,0,2020
2325,OSASUNA,CELTA,2-0,1-0,4.1,6.9,5.5,39,61,8.0,5.0,13.0,1.0,6.0,26.0,69.0,20.0,12.0,19.0,3.0,0.0,0.0,5.0,3.0,9.0,1.0,5.0,25.0,79.0,21.0,20.0,10.0,3.0,0.0,0.0,2,0,0,2,2020
2326,ALAVÉS,ATHLETIC,1-0,0-0,2.8,6.3,5.3,41,59,4.0,3.0,8.0,1.0,0.0,20.0,66.0,23.0,31.0,20.0,1.0,1.0,0.0,7.0,1.0,8.0,1.0,6.0,29.0,74.0,27.0,13.0,17.0,3.0,0.0,0.0,1,0,0,1,2020
2327,LEVANTE,REAL MADRID,0-2,0-1,5.2,5.8,7.3,45,55,6.0,4.0,11.0,1.0,4.0,15.0,81.0,7.0,19.0,14.0,2.0,0.0,0.0,6.0,3.0,13.0,4.0,6.0,25.0,84.0,8.0,14.0,8.0,1.0,0.0,0.0,0,2,2,0,2020
2328,CÁDIZ CF,GRANADA,1-1,0-1,5.5,6.6,6.3,41,59,6.0,4.0,14.0,4.0,2.0,19.0,73.0,20.0,18.0,16.0,2.0,0.0,0.0,4.0,5.0,13.0,4.0,5.0,26.0,79.0,13.0,9.0,16.0,2.0,0.0,0.0,1,1,1,1,2020
2329,BARCELONA,SEVILLA FC,1-1,1-1,5.0,6.6,6.8,54,46,5.0,5.0,12.0,2.0,6.0,21.0,89.0,7.0,2.0,11.0,1.0,0.0,0.0,10.0,1.0,13.0,2.0,5.0,11.0,87.0,11.0,18.0,18.0,1.0,0.0,0.0,1,1,1,1,2020
2330,GRANADA,SEVILLA FC,1-0,0-0,3.8,6.3,5.6,51,49,2.0,3.0,13.0,8.0,5.0,25.0,80.0,14.0,4.0,16.0,4.0,0.0,0.0,3.0,3.0,8.0,2.0,1.0,18.0,79.0,17.0,19.0,11.0,3.0,1.0,0.0,1,0,0,1,2020
2331,CELTA,ATLETICO MADRID,0-2,0-1,5.6,5.5,6.5,52,48,8.0,5.0,15.0,2.0,8.0,7.0,79.0,13.0,9.0,16.0,3.0,0.0,0.0,4.0,4.0,9.0,1.0,4.0,23.0,80.0,14.0,9.0,18.0,4.0,0.0,0.0,0,2,2,0,2020
2332,REAL MADRID,CÁDIZ CF,0-1,0-1,4.0,5.0,7.7,75,25,8.0,2.0,14.0,4.0,4.0,24.0,88.0,15.0,13.0,7.0,2.0,0.0,0.0,9.0,5.0,14.0,0.0,11.0,13.0,58.0,20.0,25.0,5.0,0.0,0.0,0.0,0,1,1,0,2020
2333,GETAFE,BARCELONA,1-0,0-0,3.9,6.8,5.4,27,73,4.0,4.0,9.0,1.0,7.0,17.0,58.0,10.0,9.0,20.0,4.0,0.0,0.0,5.0,1.0,7.0,1.0,2.0,13.0,87.0,22.0,15.0,10.0,3.0,0.0,0.0,1,0,0,1,2020
2334,EIBAR,OSASUNA,0-0,0-0,2.9,6.1,5.6,52,48,1.0,6.0,10.0,3.0,6.0,26.0,63.0,31.0,23.0,14.0,2.0,0.0,0.0,4.0,2.0,8.0,2.0,7.0,33.0,61.0,42.0,25.0,14.0,2.0,1.0,0.0,0,0,0,0,2020
2335,ATHLETIC,LEVANTE,2-0,0-0,4.1,7.0,5.4,52,48,6.0,5.0,14.0,3.0,9.0,28.0,80.0,19.0,15.0,11.0,3.0,0.0,0.0,3.0,1.0,6.0,2.0,3.0,20.0,77.0,9.0,20.0,10.0,1.0,0.0,0.0,2,0,0,2,2020
2336,VILLARREAL,VALENCIA,2-1,1-1,6.2,6.6,5.5,62,38,7.0,6.0,16.0,3.0,3.0,14.0,89.0,7.0,13.0,13.0,3.0,1.0,0.0,5.0,3.0,11.0,3.0,7.0,11.0,83.0,10.0,20.0,8.0,1.0,0.0,0.0,2,1,1,2,2020
2337,HUESCA,VALLADOLID,2-2,0-1,7.2,6.9,5.4,66,34,3.0,7.0,12.0,2.0,3.0,23.0,83.0,24.0,14.0,14.0,1.0,0.0,0.0,1.0,3.0,5.0,1.0,1.0,18.0,66.0,16.0,31.0,24.0,2.0,0.0,0.0,2,2,2,2,2020
2338,ALAVÉS,ELCHE,0-2,0-1,4.7,5.1,7.5,46,54,7.0,2.0,13.0,4.0,2.0,19.0,83.0,13.0,15.0,11.0,2.0,0.0,0.0,1.0,3.0,7.0,3.0,6.0,14.0,82.0,7.0,14.0,11.0,5.0,0.0,0.0,0,2,2,0,2020
2339,REAL BETIS,REAL SOCIEDAD,0-3,0-1,5.0,4.3,7.9,55,45,4.0,1.0,7.0,2.0,6.0,18.0,78.0,30.0,11.0,11.0,2.0,0.0,0.0,2.0,5.0,8.0,1.0,2.0,24.0,72.0,20.0,7.0,18.0,1.0,0.0,0.0,0,3,3,0,2020
2340,ELCHE,VALENCIA,2-1,2-0,5.2,7.2,5.7,47,53,0.0,2.0,3.0,1.0,0.0,30.0,83.0,12.0,17.0,15.0,3.0,0.0,0.0,6.0,4.0,14.0,4.0,7.0,17.0,87.0,6.0,8.0,8.0,2.0,0.0,0.0,2,1,1,2,2020
2341,BARCELONA,REAL MADRID,1-3,1-1,7.4,4.8,8.4,52,48,2.0,4.0,10.0,4.0,7.0,16.0,89.0,7.0,12.0,11.0,3.0,0.0,0.0,4.0,9.0,15.0,2.0,7.0,9.0,88.0,7.0,20.0,13.0,2.0,0.0,0.0,1,3,3,1,2020
2342,OSASUNA,ATHLETIC,1-0,0-0,3.3,6.2,5.8,40,60,3.0,2.0,7.0,2.0,2.0,14.0,68.0,36.0,29.0,18.0,3.0,0.0,0.0,4.0,5.0,13.0,4.0,5.0,39.0,76.0,29.0,10.0,10.0,2.0,0.0,0.0,1,0,0,1,2020
2343,SEVILLA FC,EIBAR,0-1,0-1,3.1,6.6,6.6,71,29,14.0,3.0,21.0,4.0,13.0,37.0,86.0,12.0,11.0,11.0,0.0,0.0,0.0,1.0,1.0,3.0,1.0,3.0,16.0,69.0,29.0,33.0,12.0,3.0,0.0,0.0,0,1,1,0,2020
2344,ATLETICO MADRID,REAL BETIS,2-0,0-0,5.5,7.1,5.7,40,60,6.0,6.0,13.0,1.0,8.0,15.0,76.0,16.0,21.0,19.0,2.0,0.0,0.0,3.0,3.0,12.0,6.0,5.0,18.0,87.0,13.0,10.0,12.0,0.0,0.0,1.0,2,0,0,2,2020
2345,VALLADOLID,ALAVÉS,0-2,0-0,4.2,5.0,7.0,44,56,3.0,1.0,5.0,1.0,2.0,34.0,71.0,15.0,15.0,9.0,1.0,0.0,1.0,8.0,4.0,14.0,2.0,4.0,23.0,78.0,26.0,13.0,7.0,0.0,0.0,0.0,0,2,2,0,2020
2346,CÁDIZ CF,VILLARREAL,0-0,0-0,1.8,6.1,6.5,23,77,4.0,1.0,5.0,1.0,0.0,24.0,65.0,15.0,21.0,15.0,2.0,0.0,0.0,3.0,2.0,7.0,2.0,5.0,20.0,88.0,14.0,17.0,7.0,2.0,0.0,0.0,0,0,0,0,2020
2347,GETAFE,GRANADA,0-1,0-1,2.9,4.9,6.4,65,35,3.0,1.0,10.0,6.0,6.0,38.0,69.0,35.0,9.0,19.0,4.0,0.0,0.0,2.0,2.0,5.0,1.0,1.0,24.0,44.0,37.0,36.0,23.0,2.0,0.0,0.0,0,1,1,0,2020
2348,REAL SOCIEDAD,HUESCA,4-1,1-0,5.5,7.3,4.9,52,48,6.0,6.0,13.0,1.0,4.0,24.0,80.0,17.0,8.0,12.0,2.0,0.0,0.0,0.0,4.0,6.0,2.0,5.0,30.0,77.0,18.0,12.0,11.0,1.0,0.0,0.0,4,1,1,4,2020
2349,LEVANTE,CELTA,1-1,0-0,3.9,6.5,6.4,59,41,4.0,3.0,10.0,3.0,3.0,20.0,80.0,8.0,13.0,11.0,2.0,0.0,0.0,3.0,3.0,11.0,5.0,2.0,27.0,70.0,10.0,19.0,19.0,2.0,0.0,0.0,1,1,1,1,2020
2350,EIBAR,CÁDIZ CF,0-2,0-2,3.7,5.0,7.3,73,27,5.0,3.0,9.0,1.0,7.0,33.0,82.0,30.0,9.0,10.0,1.0,0.0,0.0,2.0,4.0,6.0,0.0,2.0,27.0,46.0,25.0,29.0,10.0,1.0,0.0,0.0,0,2,2,0,2020
2351,REAL MADRID,HUESCA,4-1,2-0,6.1,7.5,5.3,59,41,3.0,6.0,13.0,4.0,6.0,28.0,89.0,4.0,11.0,16.0,0.0,0.0,0.0,6.0,2.0,9.0,1.0,3.0,14.0,86.0,8.0,15.0,9.0,2.0,0.0,0.0,4,1,1,4,2020
2352,ATHLETIC,SEVILLA FC,2-1,0-1,5.7,6.1,5.5,46,54,4.0,5.0,16.0,7.0,6.0,33.0,77.0,14.0,9.0,17.0,5.0,0.0,0.0,3.0,3.0,7.0,1.0,1.0,15.0,82.0,18.0,14.0,19.0,5.0,0.0,0.0,2,1,1,2,2020
2353,OSASUNA,ATLETICO MADRID,1-3,0-1,6.7,4.5,7.1,45,55,4.0,3.0,8.0,1.0,3.0,25.0,72.0,21.0,7.0,12.0,1.0,0.0,0.0,4.0,6.0,11.0,1.0,2.0,16.0,81.0,20.0,20.0,10.0,2.0,0.0,0.0,1,3,3,1,2020
2354,ALAVÉS,BARCELONA,1-1,1-0,5.5,5.6,7.4,20,80,1.0,3.0,4.0,0.0,2.0,15.0,65.0,9.0,28.0,16.0,3.0,1.0,0.0,8.0,9.0,25.0,8.0,14.0,24.0,90.0,8.0,7.0,4.0,3.0,0.0,0.0,1,1,1,1,2020
2355,REAL BETIS,ELCHE,3-1,2-0,6.1,7.2,4.9,60,40,5.0,10.0,17.0,2.0,1.0,20.0,90.0,5.0,2.0,13.0,2.0,0.0,0.0,2.0,2.0,4.0,0.0,1.0,17.0,87.0,8.0,11.0,12.0,1.0,0.0,0.0,3,1,1,3,2020
2356,CELTA,REAL SOCIEDAD,1-4,0-2,6.1,4.5,7.8,45,55,5.0,2.0,9.0,2.0,2.0,19.0,77.0,8.0,7.0,19.0,1.0,1.0,0.0,1.0,7.0,9.0,1.0,3.0,23.0,82.0,11.0,6.0,16.0,5.0,0.0,0.0,1,4,4,1,2020
2357,GRANADA,LEVANTE,1-1,1-1,4.2,5.7,6.4,28,72,3.0,2.0,5.0,0.0,2.0,20.0,63.0,15.0,35.0,7.0,2.0,0.0,1.0,10.0,4.0,19.0,5.0,8.0,20.0,85.0,23.0,12.0,14.0,3.0,0.0,0.0,1,1,1,1,2020
2358,VALENCIA,GETAFE,2-2,1-0,8.7,5.6,5.4,39,61,4.0,5.0,9.0,1.0,0.0,13.0,65.0,37.0,25.0,18.0,7.0,1.0,0.0,8.0,5.0,16.0,3.0,3.0,28.0,77.0,27.0,5.0,25.0,4.0,1.0,0.0,2,2,2,2,2020
2359,VILLARREAL,VALLADOLID,2-0,2-0,5.4,7.4,5.2,60,40,3.0,5.0,11.0,3.0,6.0,17.0,84.0,24.0,21.0,13.0,1.0,0.0,0.0,5.0,1.0,11.0,5.0,4.0,18.0,77.0,15.0,13.0,13.0,3.0,0.0,0.0,2,0,0,2,2020
2360,ELCHE,CELTA,1-1,1-1,4.9,6.2,6.1,51,49,5.0,1.0,8.0,2.0,3.0,21.0,84.0,12.0,5.0,18.0,3.0,0.0,0.0,7.0,6.0,14.0,1.0,3.0,20.0,84.0,13.0,15.0,12.0,4.0,0.0,0.0,1,1,1,1,2020
2361,HUESCA,EIBAR,1-1,0-1,4.6,6.4,5.6,59,41,8.0,6.0,14.0,0.0,4.0,31.0,78.0,21.0,21.0,16.0,2.0,0.0,0.0,4.0,3.0,8.0,1.0,3.0,26.0,71.0,15.0,26.0,30.0,0.0,0.0,0.0,1,1,1,1,2020
2362,BARCELONA,REAL BETIS,5-2,1-1,9.7,7.7,4.1,60,40,7.0,9.0,18.0,2.0,9.0,8.0,89.0,5.0,8.0,8.0,2.0,0.0,0.0,4.0,6.0,12.0,2.0,5.0,15.0,82.0,6.0,11.0,10.0,2.0,0.0,1.0,5,2,2,5,2020
2363,SEVILLA FC,OSASUNA,1-0,0-0,3.1,6.4,5.6,67,33,6.0,1.0,9.0,2.0,3.0,28.0,85.0,26.0,14.0,11.0,2.0,0.0,0.0,5.0,2.0,10.0,3.0,0.0,19.0,72.0,26.0,18.0,19.0,3.0,0.0,0.0,1,0,0,1,2020
2364,ATLETICO MADRID,CÁDIZ CF,4-0,2-0,5.8,7.9,5.1,67,33,5.0,7.0,17.0,5.0,2.0,10.0,91.0,18.0,18.0,10.0,1.0,0.0,0.0,6.0,3.0,10.0,1.0,7.0,18.0,78.0,10.0,11.0,9.0,1.0,0.0,0.0,4,0,0,4,2020
2365,GETAFE,VILLARREAL,1-3,1-2,5.7,4.9,7.1,44,56,2.0,5.0,13.0,6.0,3.0,35.0,74.0,24.0,12.0,18.0,3.0,0.0,0.0,2.0,5.0,9.0,2.0,3.0,16.0,76.0,21.0,22.0,11.0,4.0,0.0,0.0,1,3,3,1,2020
2366,REAL SOCIEDAD,GRANADA,2-0,2-0,5.3,7.3,3.6,73,27,9.0,9.0,22.0,4.0,15.0,15.0,86.0,24.0,8.0,8.0,2.0,0.0,1.0,1.0,1.0,2.0,0.0,0.0,17.0,65.0,15.0,30.0,11.0,1.0,0.0,0.0,2,0,0,2,2020
2367,LEVANTE,ALAVÉS,1-1,0-1,4.9,6.9,5.6,72,28,9.0,5.0,18.0,4.0,12.0,23.0,84.0,13.0,5.0,12.0,1.0,0.0,0.0,1.0,2.0,6.0,3.0,1.0,16.0,67.0,19.0,32.0,16.0,5.0,1.0,0.0,1,1,1,1,2020
2368,VALLADOLID,ATHLETIC,2-1,1-0,5.7,6.0,5.4,30,70,3.0,4.0,7.0,0.0,2.0,12.0,67.0,16.0,25.0,23.0,4.0,0.0,0.0,7.0,2.0,17.0,8.0,11.0,32.0,82.0,22.0,10.0,11.0,2.0,0.0,0.0,2,1,1,2,2020
2369,VALENCIA,REAL MADRID,4-1,2-1,6.8,7.4,4.6,35,65,3.0,4.0,7.0,0.0,1.0,11.0,78.0,8.0,30.0,13.0,3.0,0.0,0.0,10.0,6.0,16.0,0.0,8.0,22.0,90.0,14.0,5.0,14.0,2.0,0.0,0.0,4,1,1,4,2020
2370,OSASUNA,HUESCA,1-1,0-1,4.7,5.8,6.5,55,45,10.0,7.0,18.0,1.0,4.0,25.0,75.0,25.0,11.0,14.0,2.0,0.0,0.0,1.0,5.0,6.0,0.0,3.0,17.0,71.0,23.0,24.0,15.0,3.0,0.0,0.0,1,1,1,1,2020
2371,LEVANTE,ELCHE,1-1,1-0,4.9,6.0,7.2,43,57,4.0,5.0,13.0,4.0,5.0,23.0,82.0,7.0,11.0,15.0,1.0,0.0,0.0,1.0,5.0,11.0,5.0,4.0,18.0,85.0,7.0,14.0,11.0,4.0,0.0,0.0,1,1,1,1,2020
2372,VILLARREAL,REAL MADRID,1-1,0-1,3.9,6.7,6.4,47,53,6.0,1.0,13.0,6.0,4.0,11.0,89.0,3.0,8.0,16.0,1.0,0.0,0.0,1.0,1.0,6.0,5.0,2.0,21.0,89.0,7.0,11.0,14.0,2.0,0.0,0.0,1,1,1,1,2020
2373,SEVILLA FC,CELTA,4-2,2-2,9.1,6.8,5.3,57,43,4.0,10.0,15.0,1.0,3.0,26.0,86.0,20.0,10.0,14.0,2.0,0.0,0.0,2.0,7.0,10.0,1.0,2.0,20.0,79.0,19.0,22.0,20.0,2.0,0.0,0.0,4,2,2,4,2020
2374,ATLETICO MADRID,BARCELONA,1-0,1-0,4.1,6.5,6.5,46,54,4.0,2.0,9.0,3.0,8.0,19.0,85.0,8.0,18.0,12.0,4.0,0.0,0.0,4.0,4.0,13.0,5.0,8.0,13.0,89.0,11.0,14.0,6.0,0.0,0.0,0.0,1,0,0,1,2020
2375,EIBAR,GETAFE,0-0,0-0,3.1,5.6,5.6,51,49,8.0,5.0,14.0,1.0,3.0,22.0,59.0,32.0,13.0,16.0,2.0,1.0,0.0,4.0,3.0,8.0,1.0,4.0,30.0,54.0,26.0,18.0,22.0,4.0,0.0,0.0,0,0,0,0,2020
2376,CÁDIZ CF,REAL SOCIEDAD,0-1,0-0,2.5,5.9,6.3,32,68,2.0,0.0,2.0,0.0,1.0,26.0,63.0,16.0,15.0,14.0,2.0,0.0,0.0,7.0,4.0,14.0,3.0,6.0,18.0,83.0,16.0,10.0,14.0,1.0,0.0,0.0,0,1,1,0,2020
2377,GRANADA,VALLADOLID,1-3,0-1,6.1,4.8,6.5,59,41,8.0,6.0,16.0,2.0,5.0,32.0,75.0,23.0,9.0,16.0,4.0,0.0,0.0,5.0,3.0,9.0,1.0,3.0,16.0,64.0,25.0,19.0,14.0,3.0,0.0,0.0,1,3,3,1,2020
2378,ALAVÉS,VALENCIA,2-2,2-0,6.8,6.1,6.4,34,66,0.0,3.0,13.0,10.0,4.0,12.0,68.0,13.0,17.0,21.0,1.0,0.0,0.0,7.0,5.0,13.0,1.0,5.0,20.0,85.0,9.0,14.0,16.0,1.0,0.0,0.0,2,2,2,2,2020
2379,ATHLETIC,REAL BETIS,4-0,2-0,5.2,8.8,4.7,40,60,2.0,9.0,14.0,3.0,6.0,25.0,77.0,16.0,20.0,16.0,0.0,0.0,0.0,0.0,1.0,7.0,6.0,3.0,18.0,85.0,10.0,22.0,8.0,0.0,0.0,0.0,4,0,0,4,2020
2380,VALLADOLID,LEVANTE,1-1,0-0,4.4,5.8,6.2,35,65,6.0,4.0,10.0,0.0,3.0,22.0,67.0,13.0,30.0,18.0,0.0,0.0,0.0,7.0,3.0,10.0,0.0,11.0,20.0,80.0,14.0,16.0,11.0,3.0,0.0,0.0,1,1,1,1,2020
2381,ELCHE,CÁDIZ CF,1-1,1-0,4.3,5.8,6.6,47,53,1.0,3.0,4.0,0.0,1.0,12.0,82.0,26.0,29.0,16.0,5.0,1.0,0.0,2.0,2.0,6.0,2.0,9.0,15.0,86.0,10.0,7.0,15.0,2.0,0.0,0.0,1,1,1,1,2020
2382,VALENCIA,ATLETICO MADRID,0-1,0-0,3.7,5.5,6.7,33,67,1.0,2.0,5.0,2.0,2.0,18.0,73.0,15.0,24.0,12.0,2.0,0.0,0.0,7.0,6.0,14.0,1.0,7.0,15.0,85.0,13.0,5.0,15.0,5.0,0.0,0.0,0,1,1,0,2020
2383,HUESCA,SEVILLA FC,0-1,0-0,3.3,5.4,6.5,32,68,2.0,1.0,5.0,2.0,1.0,22.0,70.0,10.0,16.0,14.0,4.0,0.0,0.0,9.0,4.0,16.0,3.0,10.0,30.0,85.0,27.0,16.0,9.0,3.0,0.0,0.0,0,1,1,0,2020
2384,REAL MADRID,ALAVÉS,1-2,0-1,7.6,6.0,6.7,68,32,10.0,9.0,20.0,1.0,12.0,22.0,88.0,11.0,5.0,8.0,2.0,0.0,0.0,1.0,6.0,11.0,4.0,9.0,14.0,77.0,18.0,33.0,17.0,3.0,0.0,0.0,1,2,2,1,2020
2385,BARCELONA,OSASUNA,4-0,2-0,6.4,8.5,4.9,72,28,7.0,11.0,20.0,2.0,5.0,16.0,91.0,12.0,16.0,8.0,1.0,0.0,0.0,3.0,5.0,10.0,2.0,3.0,10.0,78.0,15.0,20.0,12.0,0.0,0.0,0.0,4,0,0,4,2020
2386,GETAFE,ATHLETIC,1-1,0-1,3.9,6.0,5.6,52,48,7.0,3.0,11.0,1.0,3.0,26.0,64.0,20.0,10.0,16.0,2.0,0.0,0.0,3.0,2.0,5.0,0.0,2.0,32.0,60.0,30.0,21.0,23.0,4.0,0.0,0.0,1,1,1,1,2020
2387,CELTA,GRANADA,3-1,1-1,6.7,6.9,4.7,68,32,7.0,8.0,17.0,2.0,8.0,15.0,84.0,28.0,2.0,14.0,5.0,0.0,1.0,6.0,2.0,9.0,1.0,0.0,19.0,67.0,16.0,20.0,13.0,3.0,0.0,0.0,3,1,1,3,2020
2388,REAL SOCIEDAD,VILLARREAL,1-1,1-1,3.9,5.7,6.2,55,45,2.0,4.0,8.0,2.0,4.0,30.0,79.0,17.0,18.0,18.0,5.0,0.0,0.0,4.0,2.0,10.0,4.0,4.0,23.0,74.0,15.0,17.0,12.0,3.0,0.0,0.0,1,1,1,1,2020
2389,REAL BETIS,EIBAR,0-2,0-0,4.2,4.6,6.5,63,37,2.0,3.0,7.0,2.0,6.0,33.0,74.0,38.0,14.0,13.0,2.0,0.0,0.0,5.0,6.0,11.0,0.0,2.0,21.0,56.0,26.0,22.0,14.0,1.0,0.0,0.0,0,2,2,0,2020
2390,ATHLETIC,CELTA,0-2,0-0,3.6,5.6,7.3,50,50,7.0,0.0,10.0,3.0,4.0,33.0,79.0,19.0,7.0,7.0,2.0,0.0,0.0,2.0,4.0,6.0,0.0,5.0,17.0,77.0,19.0,21.0,15.0,1.0,0.0,0.0,0,2,2,0,2020
2391,LEVANTE,GETAFE,3-0,2-0,5.6,7.8,3.8,69,31,3.0,8.0,12.0,1.0,5.0,16.0,85.0,10.0,21.0,12.0,2.0,0.0,0.0,7.0,0.0,9.0,2.0,5.0,22.0,64.0,13.0,22.0,13.0,6.0,1.0,1.0,3,0,0,3,2020
2392,SEVILLA FC,REAL MADRID,0-1,0-0,3.3,5.6,6.5,63,37,7.0,2.0,12.0,3.0,4.0,19.0,89.0,12.0,8.0,15.0,1.0,0.0,0.0,7.0,3.0,10.0,0.0,3.0,19.0,78.0,11.0,17.0,20.0,3.0,0.0,0.0,0,1,1,0,2020
2393,ATLETICO MADRID,VALLADOLID,2-0,0-0,4.4,6.6,6.0,54,46,8.0,4.0,15.0,3.0,4.0,14.0,83.0,14.0,16.0,10.0,4.0,0.0,0.0,6.0,3.0,13.0,4.0,4.0,13.0,80.0,15.0,8.0,10.0,2.0,0.0,0.0,2,0,0,2,2020
2394,CÁDIZ CF,BARCELONA,2-1,1-0,6.3,6.8,6.0,18,82,3.0,3.0,7.0,1.0,5.0,9.0,60.0,10.0,33.0,10.0,0.0,0.0,0.0,4.0,8.0,21.0,9.0,13.0,25.0,88.0,18.0,7.0,7.0,2.0,0.0,0.0,2,1,1,2,2020
2395,GRANADA,HUESCA,3-3,1-1,10.0,6.0,7.3,48,52,5.0,6.0,15.0,4.0,4.0,19.0,74.0,22.0,14.0,12.0,2.0,0.0,0.0,6.0,7.0,16.0,3.0,2.0,20.0,82.0,22.0,19.0,16.0,0.0,0.0,0.0,3,3,3,3,2020
2396,OSASUNA,REAL BETIS,0-2,0-0,4.2,5.0,7.2,48,52,5.0,1.0,10.0,5.0,2.0,27.0,72.0,38.0,24.0,16.0,3.0,0.0,0.0,5.0,5.0,12.0,2.0,5.0,17.0,72.0,29.0,29.0,12.0,2.0,0.0,0.0,0,2,2,0,2020
2397,VILLARREAL,ELCHE,0-0,0-0,2.4,5.7,6.7,57,43,6.0,3.0,12.0,3.0,4.0,12.0,88.0,14.0,6.0,16.0,3.0,0.0,0.0,2.0,0.0,3.0,1.0,0.0,21.0,80.0,13.0,12.0,13.0,2.0,0.0,0.0,0,0,0,0,2020
2398,ALAVÉS,REAL SOCIEDAD,0-0,0-0,2.4,5.7,7.1,32,68,3.0,1.0,5.0,1.0,2.0,20.0,67.0,24.0,28.0,3.0,1.0,0.0,1.0,6.0,5.0,13.0,2.0,3.0,23.0,84.0,13.0,11.0,11.0,0.0,0.0,0.0,0,0,0,0,2020
2399,EIBAR,VALENCIA,0-0,0-0,3.2,5.9,5.6,64,36,12.0,3.0,19.0,4.0,8.0,28.0,75.0,23.0,12.0,15.0,3.0,0.0,0.0,2.0,4.0,6.0,0.0,0.0,28.0,47.0,34.0,21.0,10.0,2.0,0.0,0.0,0,0,0,0,2020
2400,VALLADOLID,OSASUNA,3-2,1-2,7.7,6.3,5.1,47,53,3.0,6.0,11.0,2.0,3.0,26.0,71.0,25.0,36.0,14.0,4.0,0.0,0.0,3.0,6.0,13.0,4.0,3.0,18.0,72.0,34.0,10.0,18.0,5.0,0.0,0.0,3,2,2,3,2020
2401,VALENCIA,ATHLETIC,2-2,1-0,7.1,5.8,6.0,40,60,7.0,2.0,11.0,2.0,0.0,26.0,67.0,12.0,28.0,19.0,2.0,0.0,0.0,3.0,5.0,13.0,5.0,10.0,22.0,78.0,23.0,10.0,16.0,6.0,0.0,0.0,2,2,2,2,2020
2402,GETAFE,SEVILLA FC,0-1,0-0,3.2,5.4,6.5,25,75,5.0,2.0,8.0,1.0,5.0,14.0,65.0,11.0,18.0,14.0,2.0,0.0,0.0,5.0,0.0,8.0,3.0,3.0,20.0,89.0,18.0,13.0,13.0,3.0,0.0,0.0,0,1,1,0,2020
2403,HUESCA,ALAVÉS,1-0,0-0,2.8,7.5,4.5,67,33,6.0,3.0,11.0,2.0,5.0,12.0,85.0,19.0,14.0,14.0,1.0,0.0,0.0,1.0,1.0,3.0,1.0,2.0,19.0,66.0,24.0,19.0,20.0,4.0,0.0,0.0,1,0,0,1,2020
2404,REAL MADRID,ATLETICO MADRID,2-0,1-0,4.7,7.8,5.3,56,44,3.0,3.0,11.0,5.0,3.0,22.0,90.0,5.0,11.0,7.0,1.0,0.0,0.0,3.0,1.0,5.0,1.0,6.0,26.0,86.0,8.0,10.0,16.0,4.0,0.0,0.0,2,0,0,2,2020
2405,REAL SOCIEDAD,EIBAR,1-1,1-0,4.3,5.9,6.1,49,51,4.0,2.0,8.0,2.0,5.0,25.0,68.0,22.0,33.0,14.0,4.0,0.0,0.0,7.0,4.0,16.0,5.0,4.0,30.0,72.0,23.0,10.0,11.0,3.0,0.0,0.0,1,1,1,1,2020
2406,REAL BETIS,VILLARREAL,1-1,0-1,4.4,6.4,6.3,47,53,3.0,5.0,11.0,3.0,4.0,15.0,84.0,19.0,17.0,13.0,2.0,0.0,0.0,4.0,2.0,7.0,1.0,8.0,21.0,84.0,17.0,14.0,14.0,3.0,0.0,0.0,1,1,1,1,2020
2407,ELCHE,GRANADA,0-1,0-1,3.2,5.6,7.0,68,32,5.0,1.0,9.0,3.0,6.0,23.0,86.0,16.0,15.0,16.0,4.0,0.0,0.0,5.0,5.0,13.0,3.0,5.0,20.0,73.0,19.0,22.0,15.0,2.0,0.0,0.0,0,1,1,0,2020
2408,BARCELONA,LEVANTE,1-0,0-0,4.7,7.6,5.3,63,37,8.0,13.0,24.0,3.0,12.0,19.0,90.0,10.0,7.0,4.0,2.0,0.0,0.0,2.0,3.0,6.0,1.0,4.0,10.0,80.0,11.0,28.0,15.0,1.0,0.0,0.0,1,0,0,1,2020
2409,CELTA,CÁDIZ CF,4-0,4-0,5.1,7.7,4.8,61,39,3.0,4.0,7.0,0.0,1.0,17.0,83.0,13.0,23.0,24.0,2.0,0.0,0.0,6.0,2.0,12.0,4.0,5.0,20.0,77.0,21.0,11.0,9.0,1.0,0.0,0.0,4,0,0,4,2020
2410,ATHLETIC,HUESCA,2-0,0-0,4.9,7.1,4.9,54,46,6.0,3.0,10.0,1.0,5.0,18.0,87.0,10.0,20.0,9.0,0.0,0.0,0.0,2.0,1.0,6.0,3.0,5.0,18.0,82.0,8.0,9.0,16.0,2.0,1.0,0.0,2,0,0,2,2020
2411,ATLETICO MADRID,ELCHE,3-1,1-0,5.9,7.0,5.3,48,52,6.0,6.0,12.0,0.0,2.0,16.0,88.0,7.0,14.0,13.0,1.0,0.0,0.0,4.0,3.0,8.0,1.0,4.0,15.0,91.0,5.0,10.0,14.0,2.0,0.0,0.0,3,1,1,3,2020
2412,BARCELONA,VALENCIA,2-2,1-1,8.7,6.4,6.1,73,27,9.0,9.0,25.0,7.0,8.0,18.0,90.0,8.0,11.0,10.0,4.0,0.0,0.0,5.0,4.0,12.0,3.0,3.0,13.0,75.0,9.0,38.0,14.0,2.0,0.0,0.0,2,2,2,2,2020
2413,LEVANTE,REAL SOCIEDAD,2-1,1-1,6.2,6.6,5.8,45,55,3.0,5.0,13.0,5.0,3.0,13.0,79.0,10.0,21.0,19.0,2.0,0.0,0.0,9.0,5.0,15.0,1.0,4.0,23.0,83.0,14.0,11.0,14.0,1.0,0.0,0.0,2,1,1,2,2020
2414,OSASUNA,VILLARREAL,1-3,0-2,6.2,4.8,7.3,32,68,4.0,1.0,6.0,1.0,2.0,17.0,72.0,20.0,8.0,17.0,2.0,0.0,1.0,5.0,6.0,13.0,2.0,2.0,21.0,86.0,12.0,9.0,16.0,2.0,0.0,0.0,1,3,3,1,2020
2415,SEVILLA FC,VALLADOLID,1-1,1-0,5.6,6.0,6.4,59,41,7.0,3.0,14.0,4.0,7.0,23.0,85.0,10.0,21.0,14.0,3.0,0.0,0.0,4.0,5.0,12.0,3.0,7.0,18.0,75.0,19.0,18.0,10.0,4.0,0.0,0.0,1,1,1,1,2020
2416,CELTA,ALAVÉS,2-0,1-0,3.8,6.6,5.8,55,45,4.0,3.0,11.0,4.0,3.0,15.0,78.0,10.0,17.0,18.0,2.0,0.0,0.0,3.0,2.0,8.0,3.0,5.0,30.0,74.0,23.0,13.0,12.0,2.0,0.0,0.0,2,0,0,2,2020
2417,GRANADA,REAL BETIS,2-0,2-0,3.9,6.3,5.1,31,69,4.0,3.0,8.0,1.0,1.0,13.0,59.0,17.0,23.0,21.0,3.0,0.0,0.0,6.0,1.0,14.0,7.0,10.0,30.0,81.0,34.0,10.0,16.0,4.0,0.0,0.0,2,0,0,2,2020
2418,CÁDIZ CF,GETAFE,0-2,0-1,3.9,5.4,6.6,61,39,4.0,1.0,8.0,3.0,2.0,18.0,82.0,26.0,17.0,8.0,2.0,0.0,0.0,1.0,4.0,6.0,1.0,4.0,18.0,67.0,21.0,23.0,23.0,7.0,0.0,0.0,0,2,2,0,2020
2419,EIBAR,REAL MADRID,1-3,1-2,6.0,5.3,7.2,34,66,6.0,3.0,10.0,1.0,4.0,18.0,71.0,11.0,10.0,11.0,1.0,0.0,0.0,3.0,5.0,11.0,3.0,4.0,20.0,84.0,18.0,18.0,7.0,0.0,0.0,0.0,1,3,3,1,2020
2420,VALENCIA,SEVILLA FC,0-1,0-0,3.7,5.7,6.5,30,70,2.0,4.0,10.0,4.0,3.0,14.0,69.0,20.0,28.0,11.0,3.0,0.0,0.0,14.0,3.0,19.0,2.0,5.0,19.0,85.0,28.0,11.0,17.0,2.0,0.0,0.0,0,1,1,0,2020
2421,ELCHE,OSASUNA,2-2,0-1,7.4,6.4,5.8,66,34,5.0,2.0,7.0,0.0,4.0,14.0,86.0,19.0,13.0,8.0,1.0,0.0,0.0,8.0,6.0,15.0,1.0,4.0,20.0,72.0,26.0,19.0,17.0,1.0,1.0,0.0,2,2,2,2,2020
2422,REAL SOCIEDAD,ATLETICO MADRID,0-2,0-0,3.5,5.2,6.9,59,41,3.0,1.0,6.0,2.0,5.0,25.0,82.0,18.0,14.0,20.0,3.0,0.0,0.0,2.0,3.0,8.0,3.0,5.0,7.0,78.0,18.0,25.0,17.0,3.0,0.0,0.0,0,2,2,0,2020
2423,HUESCA,LEVANTE,1-1,1-0,4.1,6.9,5.6,54,46,4.0,2.0,11.0,5.0,10.0,17.0,84.0,12.0,19.0,10.0,2.0,0.0,0.0,7.0,1.0,9.0,1.0,3.0,21.0,77.0,12.0,32.0,17.0,3.0,0.0,0.0,1,1,1,1,2020
2424,VILLARREAL,ATHLETIC,1-1,0-1,4.8,6.6,6.0,66,34,10.0,6.0,17.0,1.0,6.0,21.0,84.0,17.0,14.0,10.0,1.0,0.0,0.0,4.0,3.0,9.0,2.0,4.0,17.0,74.0,14.0,18.0,18.0,1.0,0.0,0.0,1,1,1,1,2020
2425,VALLADOLID,BARCELONA,0-3,0-2,7.0,5.3,8.3,39,61,7.0,5.0,12.0,0.0,4.0,16.0,84.0,6.0,9.0,12.0,1.0,0.0,0.0,6.0,10.0,21.0,5.0,5.0,13.0,90.0,7.0,9.0,10.0,2.0,0.0,0.0,0,3,3,0,2020
2426,GETAFE,CELTA,1-1,1-1,3.4,5.9,6.2,38,62,0.0,3.0,6.0,3.0,1.0,21.0,71.0,24.0,12.0,17.0,3.0,0.0,0.0,1.0,1.0,2.0,1.0,4.0,21.0,76.0,28.0,13.0,16.0,3.0,0.0,0.0,1,1,1,1,2020
2427,REAL MADRID,GRANADA,2-0,0-0,5.1,7.2,5.0,67,33,7.0,6.0,23.0,10.0,8.0,26.0,85.0,25.0,15.0,13.0,2.0,0.0,0.0,7.0,1.0,10.0,2.0,1.0,27.0,67.0,12.0,17.0,11.0,1.0,0.0,0.0,2,0,0,2,2020
2428,REAL BETIS,CÁDIZ CF,1-0,0-0,2.8,6.4,5.6,72,28,2.0,1.0,6.0,3.0,5.0,25.0,85.0,21.0,25.0,18.0,1.0,0.0,0.0,2.0,3.0,6.0,1.0,5.0,22.0,57.0,24.0,15.0,9.0,1.0,0.0,0.0,1,0,0,1,2020
2429,ALAVÉS,EIBAR,2-1,2-1,5.3,5.9,5.6,44,56,7.0,3.0,13.0,3.0,2.0,27.0,59.0,38.0,14.0,10.0,4.0,0.0,0.0,3.0,4.0,8.0,1.0,7.0,34.0,70.0,19.0,14.0,14.0,2.0,0.0,0.0,2,1,1,2,2020
2430,SEVILLA FC,VILLARREAL,2-0,1-0,4.3,7.1,5.4,43,57,4.0,3.0,10.0,3.0,4.0,17.0,82.0,16.0,24.0,13.0,1.0,0.0,0.0,2.0,2.0,6.0,2.0,7.0,28.0,88.0,6.0,9.0,14.0,4.0,0.0,0.0,2,0,0,2,2020
2431,BARCELONA,EIBAR,1-1,0-0,4.5,6.2,5.8,73,27,9.0,5.0,16.0,2.0,5.0,25.0,88.0,24.0,20.0,6.0,0.0,0.0,0.0,2.0,3.0,9.0,4.0,7.0,23.0,62.0,10.0,11.0,15.0,2.0,0.0,0.0,1,1,1,1,2020
2432,CÁDIZ CF,VALLADOLID,0-0,0-0,2.2,6.6,5.7,35,65,4.0,3.0,8.0,1.0,1.0,28.0,63.0,31.0,21.0,14.0,3.0,0.0,0.0,3.0,1.0,7.0,3.0,6.0,27.0,78.0,37.0,21.0,13.0,2.0,0.0,0.0,0,0,0,0,2020
2433,LEVANTE,REAL BETIS,4-3,3-1,10.0,6.1,5.9,38,62,3.0,5.0,10.0,2.0,3.0,17.0,69.0,10.0,27.0,9.0,3.0,0.0,1.0,7.0,7.0,19.0,5.0,6.0,22.0,84.0,13.0,10.0,14.0,2.0,0.0,0.0,4,3,3,4,2020
2434,GRANADA,VALENCIA,2-1,1-1,7.6,6.0,5.3,53,47,8.0,5.0,24.0,11.0,6.0,19.0,75.0,14.0,12.0,16.0,4.0,0.0,1.0,4.0,6.0,16.0,6.0,6.0,14.0,72.0,18.0,28.0,15.0,3.0,1.0,1.0,2,1,1,2,2020
2435,ATLETICO MADRID,GETAFE,1-0,1-0,3.2,6.7,5.8,51,49,6.0,3.0,10.0,1.0,5.0,24.0,75.0,20.0,18.0,7.0,2.0,0.0,0.0,6.0,2.0,10.0,2.0,2.0,25.0,75.0,22.0,18.0,12.0,3.0,0.0,0.0,1,0,0,1,2020
2436,CELTA,HUESCA,2-1,1-0,6.5,6.4,5.6,57,43,8.0,6.0,15.0,1.0,0.0,15.0,87.0,18.0,30.0,19.0,2.0,0.0,0.0,6.0,6.0,17.0,5.0,5.0,24.0,83.0,12.0,9.0,8.0,0.0,0.0,0.0,2,1,1,2,2020
2437,ELCHE,REAL MADRID,1-1,0-1,5.8,6.6,5.7,32,68,3.0,3.0,6.0,0.0,2.0,15.0,82.0,4.0,22.0,8.0,1.0,0.0,0.0,5.0,6.0,14.0,3.0,3.0,17.0,91.0,10.0,7.0,18.0,4.0,0.0,0.0,1,1,1,1,2020
2438,ATHLETIC,REAL SOCIEDAD,0-1,0-1,2.9,5.3,6.6,61,39,3.0,0.0,4.0,1.0,2.0,22.0,77.0,26.0,17.0,23.0,5.0,0.0,0.0,8.0,3.0,13.0,2.0,4.0,19.0,68.0,28.0,17.0,18.0,4.0,0.0,0.0,0,1,1,0,2020
2439,OSASUNA,ALAVÉS,1-1,0-0,4.2,5.4,6.1,32,68,5.0,3.0,8.0,0.0,5.0,16.0,57.0,21.0,32.0,12.0,3.0,0.0,1.0,6.0,1.0,15.0,8.0,4.0,18.0,81.0,19.0,22.0,9.0,4.0,0.0,0.0,1,1,1,1,2020
2440,VILLARREAL,LEVANTE,2-1,1-0,5.8,7.2,5.7,50,50,2.0,7.0,12.0,3.0,3.0,17.0,86.0,13.0,24.0,12.0,1.0,0.0,0.0,6.0,2.0,9.0,1.0,5.0,23.0,82.0,6.0,7.0,11.0,1.0,0.0,0.0,2,1,1,2,2020
2441,REAL BETIS,SEVILLA FC,1-1,0-0,4.4,5.8,5.9,45,55,7.0,3.0,16.0,6.0,2.0,21.0,79.0,13.0,10.0,15.0,5.0,0.0,0.0,3.0,2.0,6.0,1.0,1.0,24.0,83.0,15.0,17.0,18.0,2.0,0.0,0.0,1,1,1,1,2020
2442,GETAFE,VALLADOLID,0-1,0-1,3.3,5.7,6.7,54,46,5.0,4.0,11.0,2.0,5.0,28.0,73.0,27.0,20.0,13.0,3.0,0.0,0.0,2.0,2.0,8.0,4.0,9.0,20.0,67.0,21.0,22.0,13.0,2.0,0.0,0.0,0,1,1,0,2020
2443,REAL MADRID,CELTA,2-0,1-0,3.5,7.3,5.6,41,59,6.0,2.0,9.0,1.0,1.0,9.0,87.0,14.0,21.0,14.0,4.0,0.0,0.0,2.0,1.0,6.0,3.0,5.0,18.0,89.0,12.0,6.0,14.0,2.0,0.0,0.0,2,0,0,2,2020
2444,ATHLETIC,ELCHE,1-0,1-0,3.2,6.5,6.1,49,51,7.0,2.0,13.0,4.0,5.0,13.0,84.0,13.0,21.0,15.0,2.0,0.0,0.0,2.0,2.0,5.0,1.0,4.0,23.0,83.0,12.0,9.0,13.0,1.0,0.0,0.0,1,0,0,1,2020
2445,ALAVÉS,ATLETICO MADRID,1-2,0-1,5.9,5.4,6.7,41,59,3.0,1.0,4.0,0.0,1.0,22.0,74.0,9.0,11.0,14.0,0.0,0.0,1.0,2.0,4.0,8.0,2.0,5.0,18.0,82.0,12.0,9.0,12.0,2.0,0.0,0.0,1,2,2,1,2020
2446,EIBAR,GRANADA,2-0,0-0,4.5,6.1,5.0,56,44,1.0,7.0,15.0,7.0,4.0,45.0,62.0,43.0,18.0,10.0,2.0,0.0,0.0,2.0,3.0,6.0,1.0,2.0,38.0,49.0,44.0,38.0,9.0,1.0,0.0,0.0,2,0,0,2,2020
2447,REAL SOCIEDAD,OSASUNA,1-1,0-1,3.7,6.2,6.0,62,38,5.0,2.0,8.0,1.0,7.0,35.0,75.0,22.0,3.0,15.0,1.0,0.0,0.0,2.0,2.0,6.0,2.0,2.0,22.0,59.0,39.0,29.0,8.0,1.0,0.0,0.0,1,1,1,1,2020
2448,HUESCA,BARCELONA,0-1,0-1,3.9,5.9,6.8,31,69,0.0,4.0,4.0,0.0,2.0,8.0,82.0,2.0,18.0,12.0,1.0,0.0,0.0,10.0,7.0,20.0,3.0,6.0,16.0,91.0,9.0,6.0,11.0,0.0,0.0,0.0,0,1,1,0,2020
2449,VALENCIA,CÁDIZ CF,1-1,0-0,4.6,6.2,6.4,71,29,3.0,4.0,11.0,4.0,9.0,23.0,86.0,19.0,12.0,11.0,2.0,0.0,0.0,7.0,2.0,9.0,0.0,7.0,10.0,67.0,18.0,32.0,17.0,2.0,0.0,0.0,1,1,1,1,2020
2450,CELTA,VILLARREAL,0-4,0-4,5.7,4.9,8.1,57,43,2.0,3.0,8.0,3.0,3.0,19.0,88.0,11.0,12.0,15.0,1.0,0.0,0.0,5.0,6.0,15.0,4.0,4.0,16.0,84.0,13.0,14.0,18.0,0.0,0.0,0.0,0,4,4,0,2020
2451,SEVILLA FC,REAL SOCIEDAD,3-2,2-2,7.7,6.6,5.8,60,40,3.0,7.0,12.0,2.0,2.0,17.0,82.0,15.0,19.0,8.0,0.0,0.0,0.0,2.0,4.0,10.0,4.0,9.0,16.0,77.0,13.0,23.0,18.0,3.0,0.0,0.0,3,2,2,3,2020
2452,GRANADA,BARCELONA,0-4,0-3,5.3,4.7,8.1,28,72,2.0,4.0,8.0,2.0,4.0,8.0,79.0,7.0,6.0,16.0,2.0,0.0,1.0,5.0,4.0,13.0,4.0,1.0,16.0,92.0,12.0,11.0,3.0,3.0,0.0,0.0,0,4,4,0,2020
2453,OSASUNA,REAL MADRID,0-0,0-0,2.0,6.7,6.3,30,70,4.0,2.0,8.0,2.0,2.0,20.0,73.0,13.0,22.0,9.0,0.0,0.0,0.0,4.0,1.0,9.0,4.0,4.0,21.0,90.0,13.0,10.0,3.0,0.0,0.0,0.0,0,0,0,0,2020
2454,LEVANTE,EIBAR,2-1,0-0,5.1,6.5,6.1,53,47,1.0,2.0,4.0,1.0,4.0,25.0,71.0,25.0,33.0,12.0,2.0,0.0,0.0,8.0,4.0,17.0,5.0,9.0,30.0,70.0,17.0,18.0,8.0,0.0,0.0,0.0,2,1,1,2,2020
2455,CÁDIZ CF,ALAVÉS,3-1,1-1,6.5,7.2,4.1,39,61,3.0,7.0,10.0,0.0,4.0,24.0,65.0,21.0,13.0,17.0,1.0,0.0,0.0,3.0,2.0,5.0,0.0,1.0,23.0,77.0,35.0,17.0,10.0,3.0,1.0,0.0,3,1,1,3,2020
2456,VALLADOLID,VALENCIA,0-1,0-0,4.5,5.7,6.4,42,58,5.0,4.0,11.0,2.0,0.0,14.0,75.0,16.0,16.0,14.0,2.0,0.0,0.0,6.0,6.0,17.0,5.0,4.0,18.0,78.0,29.0,13.0,14.0,3.0,0.0,0.0,0,1,1,0,2020
2457,ELCHE,GETAFE,1-3,1-1,6.5,4.9,7.1,46,54,2.0,4.0,7.0,1.0,1.0,22.0,83.0,12.0,29.0,14.0,3.0,1.0,0.0,2.0,7.0,14.0,5.0,7.0,15.0,85.0,13.0,5.0,16.0,2.0,0.0,0.0,1,3,3,1,2020
2458,HUESCA,REAL BETIS,0-2,0-0,4.8,5.7,6.4,49,51,6.0,3.0,10.0,1.0,3.0,20.0,80.0,13.0,17.0,12.0,2.0,0.0,0.0,6.0,5.0,15.0,4.0,6.0,20.0,80.0,18.0,23.0,13.0,1.0,1.0,0.0,0,2,2,0,2020
2459,ATLETICO MADRID,ATHLETIC,2-1,1-1,5.3,6.9,5.6,47,53,3.0,5.0,11.0,3.0,5.0,9.0,84.0,13.0,21.0,12.0,2.0,0.0,0.0,0.0,2.0,4.0,2.0,4.0,33.0,83.0,9.0,11.0,13.0,2.0,0.0,0.0,2,1,1,2,2020
2460,REAL MADRID,ATHLETIC,3-1,1-0,6.8,7.0,5.1,68,32,9.0,5.0,18.0,4.0,6.0,22.0,92.0,11.0,8.0,8.0,1.0,0.0,0.0,3.0,4.0,10.0,3.0,6.0,17.0,77.0,6.0,19.0,9.0,2.0,1.0,0.0,3,1,1,3,2020
2461,BARCELONA,REAL SOCIEDAD,2-1,2-1,5.9,6.5,6.0,53,47,7.0,4.0,14.0,3.0,2.0,15.0,84.0,16.0,11.0,18.0,3.0,0.0,0.0,3.0,5.0,12.0,4.0,3.0,13.0,82.0,16.0,8.0,14.0,3.0,0.0,0.0,2,1,1,2,2020
2462,VALLADOLID,ELCHE,2-2,0-2,7.8,5.9,6.6,62,38,8.0,2.0,13.0,3.0,4.0,22.0,86.0,12.0,10.0,14.0,1.0,0.0,1.0,4.0,3.0,9.0,2.0,5.0,15.0,79.0,6.0,23.0,19.0,3.0,0.0,0.0,2,2,2,2,2020
2463,CÁDIZ CF,LEVANTE,2-2,2-2,6.8,6.0,6.0,30,70,5.0,2.0,8.0,1.0,5.0,15.0,67.0,17.0,11.0,13.0,3.0,0.0,0.0,2.0,5.0,8.0,1.0,2.0,19.0,84.0,20.0,9.0,11.0,1.0,0.0,0.0,2,2,2,2,2020
2464,ALAVÉS,SEVILLA FC,1-2,1-2,5.3,5.2,6.2,37,63,3.0,3.0,12.0,6.0,3.0,29.0,69.0,23.0,12.0,15.0,3.0,0.0,0.0,1.0,3.0,7.0,3.0,2.0,23.0,80.0,24.0,26.0,14.0,3.0,0.0,0.0,1,2,2,1,2020
2465,GETAFE,HUESCA,1-0,0-0,3.9,6.3,6.0,48,52,4.0,5.0,12.0,3.0,3.0,28.0,74.0,19.0,24.0,15.0,2.0,0.0,0.0,7.0,3.0,15.0,5.0,8.0,26.0,75.0,20.0,14.0,14.0,3.0,0.0,0.0,1,0,0,1,2020
2466,REAL BETIS,CELTA,2-1,2-1,5.6,6.7,5.9,42,58,4.0,4.0,12.0,4.0,5.0,28.0,74.0,16.0,11.0,13.0,2.0,0.0,0.0,5.0,3.0,10.0,2.0,6.0,22.0,80.0,15.0,12.0,16.0,3.0,0.0,0.0,2,1,1,2,2020
2467,VILLARREAL,GRANADA,2-2,1-1,6.5,6.0,5.5,69,31,1.0,3.0,8.0,4.0,3.0,25.0,87.0,17.0,5.0,11.0,3.0,0.0,0.0,1.0,2.0,3.0,0.0,0.0,22.0,70.0,13.0,10.0,11.0,4.0,0.0,1.0,2,2,2,2,2020
2468,VALENCIA,OSASUNA,1-1,0-1,4.8,6.3,5.8,64,36,4.0,3.0,10.0,3.0,9.0,21.0,85.0,21.0,7.0,8.0,1.0,0.0,0.0,6.0,5.0,14.0,3.0,4.0,13.0,73.0,23.0,25.0,17.0,3.0,0.0,0.0,1,1,1,1,2020
2469,EIBAR,ATLETICO MADRID,1-2,1-1,5.5,5.0,6.5,35,65,9.0,2.0,12.0,1.0,3.0,32.0,57.0,22.0,17.0,24.0,3.0,0.0,0.0,2.0,4.0,9.0,3.0,3.0,28.0,78.0,23.0,27.0,9.0,2.0,0.0,0.0,1,2,2,1,2020
2470,LEVANTE,VALLADOLID,2-2,0-0,6.5,6.4,6.4,59,41,4.0,3.0,11.0,4.0,8.0,18.0,83.0,18.0,8.0,16.0,0.0,0.0,0.0,4.0,3.0,7.0,0.0,2.0,25.0,74.0,15.0,19.0,12.0,1.0,0.0,0.0,2,2,2,2,2020
2471,HUESCA,VILLARREAL,0-0,0-0,2.0,6.4,6.5,44,56,3.0,1.0,5.0,1.0,1.0,21.0,79.0,12.0,13.0,9.0,3.0,0.0,0.0,5.0,2.0,8.0,1.0,2.0,22.0,85.0,21.0,15.0,15.0,1.0,0.0,0.0,0,0,0,0,2020
2472,SEVILLA FC,CÁDIZ CF,3-0,2-0,5.3,7.3,4.9,80,20,6.0,7.0,15.0,2.0,7.0,18.0,90.0,13.0,11.0,12.0,1.0,0.0,0.0,6.0,3.0,9.0,0.0,6.0,18.0,57.0,12.0,19.0,6.0,3.0,0.0,0.0,3,0,0,3,2020
2473,REAL SOCIEDAD,REAL BETIS,2-2,0-0,7.5,6.5,6.3,53,47,5.0,6.0,12.0,1.0,8.0,25.0,80.0,23.0,10.0,14.0,2.0,0.0,0.0,1.0,4.0,7.0,2.0,3.0,15.0,81.0,14.0,28.0,13.0,2.0,0.0,0.0,2,2,2,2,2020
2474,ALAVÉS,REAL MADRID,1-4,0-3,6.4,4.4,8.1,39,61,7.0,4.0,15.0,4.0,4.0,18.0,82.0,7.0,7.0,16.0,5.0,0.0,0.0,3.0,7.0,10.0,1.0,4.0,11.0,89.0,11.0,13.0,7.0,3.0,0.0,0.0,1,4,4,1,2020
2475,OSASUNA,GRANADA,3-1,2-0,5.6,6.3,4.7,49,51,2.0,4.0,7.0,1.0,1.0,20.0,61.0,28.0,16.0,15.0,4.0,1.0,0.0,8.0,1.0,12.0,3.0,5.0,32.0,65.0,17.0,10.0,15.0,4.0,0.0,0.0,3,1,1,3,2020
2476,ELCHE,BARCELONA,0-2,0-1,4.7,5.1,7.3,35,65,2.0,2.0,4.0,0.0,0.0,10.0,84.0,3.0,18.0,15.0,0.0,0.0,0.0,6.0,8.0,15.0,1.0,7.0,15.0,91.0,5.0,5.0,9.0,2.0,0.0,0.0,0,2,2,0,2020
2477,CELTA,EIBAR,1-1,1-0,4.1,6.1,6.2,56,44,3.0,4.0,8.0,1.0,0.0,28.0,76.0,27.0,20.0,10.0,4.0,0.0,0.0,4.0,2.0,9.0,3.0,6.0,26.0,71.0,28.0,10.0,16.0,3.0,0.0,0.0,1,1,1,1,2020
2478,ATLETICO MADRID,VALENCIA,3-1,1-1,6.0,6.8,5.6,49,51,4.0,5.0,14.0,5.0,7.0,20.0,81.0,11.0,19.0,11.0,2.0,0.0,0.0,2.0,4.0,8.0,2.0,7.0,15.0,83.0,17.0,12.0,14.0,0.0,0.0,0.0,3,1,1,3,2020
2479,ATHLETIC,GETAFE,5-1,1-1,5.9,8.0,4.1,52,48,3.0,8.0,11.0,0.0,4.0,20.0,71.0,24.0,15.0,13.0,4.0,0.0,0.0,3.0,2.0,6.0,1.0,4.0,23.0,74.0,15.0,11.0,18.0,4.0,0.0,0.0,5,1,1,5,2020
2480,VALLADOLID,HUESCA,1-3,0-1,6.6,4.6,7.8,55,45,8.0,4.0,14.0,2.0,6.0,19.0,82.0,8.0,12.0,12.0,2.0,0.0,0.0,5.0,5.0,11.0,1.0,7.0,19.0,77.0,24.0,18.0,12.0,2.0,0.0,0.0,1,3,3,1,2020
2481,EIBAR,SEVILLA FC,0-2,0-1,4.8,5.1,6.6,50,50,9.0,6.0,17.0,2.0,6.0,16.0,77.0,17.0,5.0,10.0,4.0,0.0,0.0,3.0,4.0,7.0,0.0,2.0,28.0,75.0,26.0,22.0,12.0,3.0,0.0,0.0,0,2,2,0,2020
2482,REAL MADRID,LEVANTE,1-2,1-1,6.6,5.0,7.0,47,53,5.0,2.0,8.0,1.0,3.0,16.0,86.0,6.0,13.0,9.0,1.0,0.0,1.0,3.0,8.0,14.0,3.0,7.0,13.0,88.0,6.0,12.0,20.0,2.0,0.0,0.0,1,2,2,1,2020
2483,VALENCIA,ELCHE,1-0,1-0,3.7,6.0,5.3,45,55,6.0,4.0,14.0,4.0,4.0,16.0,80.0,12.0,24.0,18.0,1.0,0.0,0.0,7.0,1.0,10.0,2.0,10.0,13.0,82.0,15.0,12.0,15.0,7.0,0.0,0.0,1,0,0,1,2020
2484,VILLARREAL,REAL SOCIEDAD,1-1,1-0,4.6,6.2,6.4,35,65,1.0,2.0,4.0,1.0,1.0,12.0,80.0,14.0,22.0,10.0,1.0,0.0,0.0,6.0,3.0,12.0,3.0,7.0,15.0,86.0,15.0,6.0,17.0,3.0,0.0,0.0,1,1,1,1,2020
2485,GETAFE,ALAVÉS,0-0,0-0,1.5,5.8,5.6,59,41,5.0,1.0,6.0,1.0,5.0,40.0,62.0,30.0,14.0,20.0,3.0,0.0,0.0,3.0,1.0,5.0,1.0,2.0,23.0,47.0,31.0,28.0,19.0,3.0,0.0,0.0,0,0,0,0,2020
2486,CÁDIZ CF,ATLETICO MADRID,2-4,1-2,7.9,5.4,6.7,48,52,5.0,6.0,11.0,0.0,2.0,23.0,84.0,15.0,7.0,7.0,1.0,0.0,0.0,4.0,4.0,9.0,1.0,2.0,17.0,85.0,18.0,17.0,7.0,5.0,0.0,0.0,2,4,4,2,2020
2487,GRANADA,CELTA,0-0,0-0,2.2,6.4,5.8,35,65,4.0,5.0,10.0,1.0,6.0,25.0,65.0,14.0,16.0,16.0,2.0,0.0,0.0,2.0,1.0,7.0,4.0,5.0,30.0,79.0,25.0,16.0,19.0,4.0,0.0,0.0,0,0,0,0,2020
2488,BARCELONA,ATHLETIC,2-1,1-0,5.6,6.8,5.7,59,41,5.0,6.0,12.0,1.0,7.0,15.0,87.0,10.0,12.0,12.0,2.0,0.0,0.0,2.0,2.0,7.0,3.0,3.0,23.0,82.0,9.0,16.0,20.0,3.0,0.0,0.0,2,1,1,2,2020
2489,REAL BETIS,OSASUNA,1-0,0-0,3.8,6.7,6.1,65,35,3.0,4.0,8.0,1.0,3.0,24.0,87.0,20.0,18.0,12.0,1.0,0.0,0.0,8.0,5.0,15.0,2.0,4.0,22.0,74.0,26.0,20.0,6.0,1.0,0.0,0.0,1,0,0,1,2020
2490,ALAVÉS,VALLADOLID,1-0,0-0,3.4,6.9,5.0,55,45,10.0,5.0,20.0,5.0,11.0,21.0,71.0,41.0,14.0,11.0,4.0,0.0,0.0,2.0,1.0,3.0,0.0,1.0,24.0,68.0,26.0,40.0,17.0,4.0,0.0,0.0,1,0,0,1,2020
2491,LEVANTE,GRANADA,2-2,1-1,7.3,6.4,5.9,60,40,3.0,7.0,11.0,1.0,6.0,34.0,79.0,19.0,26.0,12.0,1.0,0.0,0.0,5.0,5.0,11.0,1.0,2.0,25.0,65.0,16.0,13.0,13.0,3.0,0.0,0.0,2,2,2,2,2020
2492,HUESCA,REAL MADRID,1-2,0-0,6.7,5.5,6.7,34,66,9.0,2.0,13.0,2.0,3.0,19.0,76.0,8.0,22.0,18.0,2.0,0.0,0.0,5.0,7.0,18.0,6.0,9.0,21.0,88.0,11.0,10.0,9.0,1.0,0.0,0.0,1,2,2,1,2020
2493,ELCHE,VILLARREAL,2-2,0-2,7.1,6.7,6.3,45,55,4.0,2.0,8.0,2.0,4.0,16.0,85.0,6.0,13.0,17.0,1.0,0.0,0.0,4.0,4.0,9.0,1.0,2.0,12.0,85.0,15.0,17.0,5.0,2.0,0.0,0.0,2,2,2,2,2020
2494,SEVILLA FC,GETAFE,3-0,0-0,5.8,7.9,4.3,77,23,11.0,5.0,17.0,1.0,3.0,16.0,91.0,19.0,7.0,10.0,1.0,0.0,0.0,2.0,1.0,5.0,2.0,1.0,24.0,64.0,10.0,14.0,11.0,4.0,0.0,1.0,3,0,0,3,2020
2495,REAL SOCIEDAD,CÁDIZ CF,4-1,2-0,5.4,7.6,4.7,75,25,4.0,6.0,17.0,7.0,5.0,21.0,90.0,6.0,3.0,7.0,0.0,0.0,0.0,1.0,1.0,2.0,0.0,1.0,17.0,70.0,10.0,19.0,7.0,2.0,0.0,1.0,4,1,1,4,2020
2496,ATHLETIC,VALENCIA,1-1,1-0,4.3,6.3,6.3,50,50,6.0,2.0,11.0,3.0,6.0,20.0,76.0,19.0,14.0,10.0,2.0,0.0,0.0,9.0,2.0,15.0,4.0,6.0,21.0,79.0,17.0,23.0,8.0,1.0,0.0,0.0,1,1,1,1,2020
2497,OSASUNA,EIBAR,2-1,1-1,5.6,6.6,5.9,55,45,5.0,4.0,12.0,3.0,2.0,25.0,69.0,33.0,15.0,10.0,0.0,0.0,0.0,5.0,3.0,12.0,4.0,1.0,34.0,68.0,32.0,22.0,11.0,0.0,0.0,0.0,2,1,1,2,2020
2498,REAL BETIS,BARCELONA,2-3,1-0,8.1,5.7,6.9,36,64,1.0,5.0,8.0,2.0,3.0,16.0,82.0,8.0,13.0,21.0,1.0,0.0,0.0,6.0,4.0,12.0,2.0,5.0,8.0,91.0,9.0,10.0,7.0,3.0,0.0,0.0,2,3,3,2,2020
2499,ATLETICO MADRID,CELTA,2-2,1-1,6.8,6.3,6.7,45,55,4.0,2.0,9.0,3.0,1.0,24.0,78.0,13.0,13.0,12.0,2.0,0.0,0.0,1.0,2.0,7.0,4.0,4.0,18.0,83.0,15.0,16.0,17.0,2.0,0.0,0.0,2,2,2,2,2020
2500,CELTA,ELCHE,3-1,2-0,5.3,6.8,5.0,50,50,3.0,6.0,9.0,0.0,3.0,20.0,78.0,20.0,18.0,11.0,3.0,0.0,0.0,4.0,2.0,7.0,1.0,6.0,27.0,78.0,13.0,19.0,15.0,2.0,0.0,0.0,3,1,1,3,2020
2501,GRANADA,ATLETICO MADRID,1-2,0-0,5.2,5.6,6.8,39,61,4.0,1.0,6.0,1.0,7.0,29.0,63.0,16.0,14.0,14.0,0.0,0.0,0.0,5.0,4.0,10.0,1.0,3.0,23.0,78.0,29.0,16.0,20.0,5.0,0.0,0.0,1,2,2,1,2020
2502,SEVILLA FC,HUESCA,1-0,0-0,3.9,6.1,5.9,66,34,6.0,4.0,14.0,4.0,6.0,21.0,87.0,20.0,27.0,14.0,3.0,0.0,0.0,2.0,5.0,9.0,2.0,6.0,24.0,71.0,19.0,15.0,15.0,4.0,0.0,0.0,1,0,0,1,2020
2503,EIBAR,VALLADOLID,1-1,1-1,3.5,5.8,5.8,54,46,7.0,2.0,14.0,5.0,7.0,36.0,69.0,38.0,23.0,15.0,2.0,0.0,0.0,2.0,1.0,5.0,2.0,3.0,28.0,59.0,26.0,33.0,12.0,3.0,0.0,0.0,1,1,1,1,2020
2504,BARCELONA,ALAVÉS,5-1,2-0,6.2,8.5,4.7,73,27,4.0,9.0,17.0,4.0,5.0,17.0,91.0,10.0,15.0,10.0,0.0,0.0,0.0,3.0,2.0,6.0,1.0,4.0,8.0,74.0,12.0,10.0,14.0,2.0,0.0,0.0,5,1,1,5,2020
2505,GETAFE,REAL SOCIEDAD,0-1,0-1,2.3,5.4,6.4,44,56,1.0,0.0,4.0,3.0,2.0,23.0,62.0,26.0,19.0,23.0,3.0,0.0,0.0,1.0,2.0,3.0,0.0,5.0,29.0,72.0,23.0,11.0,19.0,3.0,0.0,0.0,0,1,1,0,2020
2506,REAL MADRID,VALENCIA,2-0,2-0,4.2,7.6,5.1,61,39,4.0,7.0,16.0,5.0,6.0,20.0,91.0,7.0,5.0,13.0,0.0,0.0,0.0,1.0,1.0,4.0,2.0,1.0,13.0,84.0,11.0,9.0,12.0,3.0,0.0,0.0,2,0,0,2,2020
2507,LEVANTE,OSASUNA,0-1,0-0,3.1,5.6,6.4,63,37,4.0,4.0,13.0,5.0,2.0,27.0,76.0,25.0,7.0,13.0,1.0,0.0,0.0,4.0,2.0,7.0,1.0,1.0,25.0,65.0,27.0,23.0,10.0,2.0,0.0,0.0,0,1,1,0,2020
2508,VILLARREAL,REAL BETIS,1-2,0-1,5.7,5.8,6.4,56,44,3.0,5.0,9.0,1.0,7.0,21.0,85.0,12.0,11.0,19.0,3.0,0.0,0.0,6.0,4.0,15.0,5.0,3.0,17.0,80.0,15.0,22.0,13.0,2.0,0.0,0.0,1,2,2,1,2020
2509,CÁDIZ CF,ATHLETIC,0-4,0-3,5.3,4.6,8.4,42,58,5.0,2.0,11.0,4.0,5.0,16.0,78.0,9.0,11.0,15.0,3.0,0.0,0.0,4.0,8.0,13.0,1.0,8.0,21.0,82.0,9.0,19.0,13.0,2.0,0.0,0.0,0,4,4,0,2020
2510,REAL BETIS,GETAFE,1-0,0-0,3.7,6.3,4.7,65,35,5.0,5.0,12.0,2.0,5.0,27.0,78.0,17.0,16.0,17.0,4.0,1.0,0.0,3.0,1.0,6.0,2.0,2.0,29.0,65.0,30.0,8.0,18.0,4.0,0.0,0.0,1,0,0,1,2020
2511,ELCHE,EIBAR,1-0,1-0,2.9,6.6,5.3,49,51,4.0,2.0,6.0,0.0,1.0,17.0,70.0,26.0,20.0,16.0,2.0,0.0,0.0,8.0,3.0,13.0,2.0,4.0,24.0,72.0,20.0,8.0,9.0,1.0,0.0,0.0,1,0,0,1,2020
2512,ATLETICO MADRID,LEVANTE,0-2,0-1,6.1,6.2,6.3,55,45,13.0,11.0,28.0,4.0,12.0,25.0,86.0,15.0,10.0,10.0,2.0,0.0,0.0,3.0,2.0,6.0,1.0,2.0,14.0,78.0,4.0,32.0,15.0,3.0,0.0,0.0,0,2,2,0,2020
2513,VALENCIA,CELTA,2-0,0-0,4.6,6.8,5.2,58,42,6.0,3.0,10.0,1.0,6.0,19.0,82.0,26.0,18.0,9.0,2.0,0.0,0.0,3.0,2.0,5.0,1.0,1.0,24.0,76.0,20.0,26.0,19.0,3.0,0.0,1.0,2,0,0,2,2020
2514,VALLADOLID,REAL MADRID,0-1,0-0,3.3,6.0,6.6,34,66,1.0,5.0,9.0,3.0,4.0,29.0,71.0,10.0,21.0,13.0,4.0,0.0,0.0,7.0,2.0,10.0,1.0,5.0,25.0,87.0,21.0,16.0,11.0,2.0,0.0,0.0,0,1,1,0,2020
2515,BARCELONA,CÁDIZ CF,1-1,1-0,4.6,6.0,6.6,81,19,11.0,4.0,20.0,5.0,8.0,29.0,92.0,17.0,10.0,13.0,0.0,0.0,0.0,1.0,1.0,3.0,1.0,0.0,15.0,55.0,11.0,26.0,12.0,2.0,0.0,0.0,1,1,1,1,2020
2516,REAL SOCIEDAD,ALAVÉS,4-0,1-0,4.5,7.8,5.1,65,35,1.0,4.0,8.0,4.0,4.0,24.0,83.0,14.0,17.0,17.0,3.0,0.0,0.0,3.0,2.0,7.0,2.0,3.0,20.0,74.0,26.0,20.0,16.0,2.0,0.0,0.0,4,0,0,4,2020
2517,HUESCA,GRANADA,3-2,3-1,8.2,6.2,4.2,60,40,7.0,6.0,15.0,2.0,5.0,15.0,79.0,19.0,8.0,13.0,3.0,0.0,0.0,3.0,5.0,8.0,0.0,2.0,27.0,70.0,16.0,20.0,14.0,3.0,0.0,1.0,3,2,2,3,2020
2518,ATHLETIC,VILLARREAL,1-1,1-1,4.5,6.8,6.3,48,52,3.0,8.0,18.0,7.0,6.0,28.0,87.0,11.0,8.0,12.0,2.0,0.0,0.0,1.0,2.0,3.0,0.0,0.0,16.0,84.0,6.0,19.0,12.0,2.0,0.0,0.0,1,1,1,1,2020
2519,OSASUNA,SEVILLA FC,0-2,0-1,4.0,5.2,7.0,41,59,5.0,0.0,6.0,1.0,3.0,18.0,76.0,20.0,14.0,14.0,2.0,0.0,0.0,2.0,5.0,10.0,3.0,5.0,26.0,82.0,19.0,18.0,15.0,2.0,0.0,0.0,0,2,2,0,2020
2520,LEVANTE,ATHLETIC,1-1,1-0,4.7,5.6,6.2,44,56,5.0,4.0,10.0,1.0,2.0,21.0,77.0,5.0,22.0,11.0,3.0,0.0,0.0,4.0,5.0,11.0,2.0,10.0,17.0,84.0,15.0,8.0,13.0,1.0,0.0,1.0,1,1,1,1,2020
2521,EIBAR,HUESCA,1-1,0-0,4.6,5.7,6.7,55,45,11.0,3.0,17.0,3.0,6.0,13.0,81.0,24.0,18.0,19.0,2.0,0.0,0.0,2.0,1.0,4.0,1.0,2.0,27.0,71.0,25.0,17.0,11.0,2.0,0.0,0.0,1,1,1,1,2020
2522,SEVILLA FC,BARCELONA,0-2,0-1,4.5,5.3,7.4,44,56,2.0,2.0,4.0,0.0,3.0,16.0,84.0,12.0,9.0,20.0,5.0,0.0,0.0,3.0,5.0,9.0,1.0,3.0,9.0,87.0,9.0,8.0,9.0,2.0,0.0,0.0,0,2,2,0,2020
2523,ALAVÉS,OSASUNA,0-1,0-0,2.4,5.2,6.6,53,47,2.0,1.0,4.0,1.0,5.0,22.0,70.0,25.0,24.0,18.0,3.0,0.0,0.0,1.0,3.0,6.0,2.0,2.0,28.0,66.0,28.0,23.0,20.0,4.0,0.0,0.0,0,1,1,0,2020
2524,GETAFE,VALENCIA,3-0,1-0,5.0,6.5,5.1,42,58,8.0,4.0,15.0,3.0,3.0,30.0,59.0,21.0,15.0,21.0,5.0,0.0,0.0,3.0,0.0,5.0,2.0,6.0,23.0,69.0,29.0,19.0,12.0,2.0,0.0,1.0,3,0,0,3,2020
2525,CELTA,VALLADOLID,1-1,0-0,4.5,6.1,6.3,66,34,6.0,2.0,11.0,3.0,3.0,26.0,82.0,25.0,12.0,20.0,3.0,0.0,0.0,3.0,3.0,7.0,1.0,5.0,28.0,66.0,18.0,18.0,20.0,5.0,0.0,0.0,1,1,1,1,2020
2526,CÁDIZ CF,REAL BETIS,0-1,0-0,3.2,5.9,6.6,35,65,1.0,3.0,5.0,1.0,3.0,22.0,69.0,16.0,17.0,9.0,1.0,0.0,0.0,3.0,4.0,9.0,2.0,7.0,20.0,86.0,20.0,15.0,13.0,2.0,0.0,0.0,0,1,1,0,2020
2527,GRANADA,ELCHE,2-1,1-1,5.2,6.3,5.9,43,57,6.0,4.0,13.0,3.0,5.0,20.0,66.0,24.0,18.0,14.0,3.0,0.0,0.0,6.0,4.0,12.0,2.0,5.0,23.0,70.0,26.0,9.0,12.0,2.0,0.0,0.0,2,1,1,2,2020
2528,VILLARREAL,ATLETICO MADRID,0-2,0-1,5.0,5.4,7.0,63,37,7.0,6.0,19.0,6.0,10.0,15.0,87.0,11.0,9.0,15.0,2.0,0.0,0.0,1.0,5.0,6.0,0.0,2.0,21.0,77.0,11.0,34.0,19.0,3.0,0.0,0.0,0,2,2,0,2020
2529,REAL MADRID,REAL SOCIEDAD,1-1,0-0,5.6,6.5,6.4,59,41,9.0,3.0,20.0,8.0,13.0,21.0,89.0,15.0,9.0,6.0,0.0,0.0,0.0,2.0,2.0,6.0,2.0,4.0,14.0,83.0,17.0,32.0,10.0,1.0,0.0,0.0,1,1,1,1,2020
2530,VALENCIA,VILLARREAL,2-1,0-1,7.2,5.9,5.6,53,47,16.0,4.0,25.0,5.0,5.0,24.0,85.0,16.0,5.0,12.0,4.0,0.0,0.0,4.0,5.0,10.0,1.0,3.0,13.0,82.0,16.0,17.0,10.0,3.0,0.0,0.0,2,1,1,2,2020
2531,VALLADOLID,GETAFE,2-1,2-1,4.8,6.1,5.4,51,49,1.0,3.0,4.0,0.0,1.0,31.0,60.0,35.0,32.0,16.0,2.0,0.0,0.0,6.0,2.0,9.0,1.0,6.0,33.0,56.0,34.0,5.0,19.0,2.0,0.0,1.0,2,1,1,2,2020
2532,ELCHE,SEVILLA FC,2-1,0-0,6.0,6.8,5.5,37,63,1.0,3.0,6.0,2.0,6.0,14.0,78.0,15.0,10.0,16.0,4.0,0.0,0.0,6.0,3.0,11.0,2.0,3.0,14.0,87.0,11.0,20.0,11.0,0.0,0.0,0.0,2,1,1,2,2020
2533,CÁDIZ CF,EIBAR,1-0,1-0,3.2,6.3,4.6,32,68,4.0,2.0,6.0,0.0,0.0,26.0,56.0,28.0,30.0,7.0,2.0,0.0,0.0,10.0,1.0,16.0,5.0,12.0,30.0,77.0,27.0,9.0,11.0,2.0,0.0,0.0,1,0,0,1,2020
2534,OSASUNA,BARCELONA,0-2,0-1,4.6,5.7,7.5,37,63,4.0,3.0,10.0,3.0,3.0,19.0,80.0,11.0,13.0,4.0,0.0,0.0,0.0,2.0,6.0,13.0,5.0,4.0,15.0,89.0,9.0,18.0,12.0,2.0,0.0,0.0,0,2,2,0,2020
2535,HUESCA,CELTA,3-4,2-2,9.8,5.5,6.4,50,50,10.0,7.0,19.0,2.0,6.0,26.0,75.0,23.0,4.0,12.0,0.0,0.0,0.0,1.0,7.0,10.0,2.0,3.0,12.0,78.0,14.0,25.0,21.0,2.0,0.0,0.0,3,4,4,3,2020
2536,ATLETICO MADRID,REAL MADRID,1-1,1-0,5.6,5.9,6.9,39,61,3.0,5.0,11.0,3.0,1.0,14.0,83.0,8.0,23.0,19.0,5.0,0.0,0.0,8.0,8.0,18.0,2.0,6.0,20.0,88.0,9.0,10.0,9.0,1.0,0.0,0.0,1,1,1,1,2020
2537,REAL SOCIEDAD,LEVANTE,1-0,1-0,4.6,7.1,4.9,52,48,13.0,8.0,25.0,4.0,7.0,34.0,80.0,24.0,11.0,13.0,0.0,0.0,0.0,3.0,1.0,6.0,2.0,5.0,13.0,77.0,16.0,18.0,14.0,2.0,0.0,0.0,1,0,0,1,2020
2538,ATHLETIC,GRANADA,2-1,1-0,6.1,6.2,5.6,49,51,0.0,5.0,7.0,2.0,6.0,20.0,73.0,17.0,21.0,10.0,2.0,0.0,0.0,5.0,3.0,13.0,5.0,9.0,20.0,78.0,26.0,23.0,10.0,1.0,0.0,0.0,2,1,1,2,2020
2539,REAL BETIS,ALAVÉS,3-2,0-2,8.5,7.3,4.8,77,23,5.0,8.0,23.0,10.0,12.0,15.0,89.0,15.0,6.0,13.0,0.0,0.0,0.0,1.0,3.0,4.0,0.0,1.0,17.0,63.0,25.0,27.0,11.0,3.0,0.0,0.0,3,2,2,3,2020
2540,LEVANTE,VALENCIA,1-0,1-0,3.4,6.3,5.8,44,56,6.0,3.0,11.0,2.0,3.0,17.0,77.0,11.0,9.0,17.0,3.0,0.0,0.0,3.0,2.0,11.0,6.0,3.0,24.0,82.0,12.0,5.0,13.0,4.0,0.0,0.0,1,0,0,1,2020
2541,ALAVÉS,CÁDIZ CF,1-1,1-0,3.9,5.4,6.3,51,49,6.0,3.0,9.0,1.0,2.0,33.0,71.0,35.0,14.0,22.0,2.0,1.0,0.0,7.0,1.0,9.0,1.0,5.0,23.0,69.0,22.0,12.0,6.0,3.0,0.0,0.0,1,1,1,1,2020
2542,REAL MADRID,ELCHE,2-1,0-0,5.4,6.5,5.6,65,35,10.0,4.0,17.0,3.0,6.0,22.0,87.0,16.0,13.0,11.0,1.0,0.0,0.0,1.0,2.0,3.0,0.0,1.0,23.0,76.0,11.0,22.0,16.0,1.0,0.0,0.0,2,1,1,2,2020
2543,OSASUNA,VALLADOLID,0-0,0-0,2.2,6.2,6.2,53,47,8.0,2.0,14.0,4.0,7.0,24.0,68.0,42.0,18.0,12.0,2.0,0.0,0.0,6.0,2.0,12.0,4.0,3.0,28.0,67.0,25.0,20.0,9.0,3.0,0.0,0.0,0,0,0,0,2020
2544,GETAFE,ATLETICO MADRID,0-0,0-0,3.5,5.4,6.6,27,73,8.0,2.0,11.0,1.0,3.0,14.0,54.0,19.0,24.0,9.0,1.0,0.0,1.0,6.0,7.0,15.0,2.0,11.0,25.0,85.0,20.0,21.0,17.0,5.0,0.0,0.0,0,0,0,0,2020
2545,CELTA,ATHLETIC,0-0,0-0,2.0,6.7,6.5,66,34,5.0,3.0,13.0,5.0,1.0,27.0,86.0,15.0,14.0,20.0,3.0,0.0,0.0,4.0,1.0,6.0,1.0,3.0,26.0,72.0,16.0,16.0,13.0,1.0,0.0,0.0,0,0,0,0,2020
2546,GRANADA,REAL SOCIEDAD,1-0,0-0,2.6,6.5,5.7,32,68,5.0,2.0,7.0,0.0,4.0,25.0,65.0,25.0,19.0,23.0,2.0,0.0,0.0,3.0,1.0,7.0,3.0,6.0,29.0,82.0,20.0,12.0,16.0,3.0,0.0,0.0,1,0,0,1,2020
2547,EIBAR,VILLARREAL,1-3,0-2,7.6,4.8,7.0,60,40,5.0,7.0,16.0,4.0,7.0,23.0,84.0,18.0,14.0,12.0,2.0,0.0,0.0,3.0,8.0,13.0,2.0,2.0,19.0,72.0,16.0,35.0,9.0,2.0,0.0,1.0,1,3,3,1,2020
2548,SEVILLA FC,REAL BETIS,1-0,1-0,3.3,6.3,5.8,53,47,4.0,3.0,9.0,2.0,3.0,18.0,84.0,21.0,28.0,12.0,3.0,0.0,0.0,5.0,3.0,13.0,5.0,6.0,23.0,80.0,15.0,1.0,14.0,5.0,0.0,0.0,1,0,0,1,2020
2549,BARCELONA,HUESCA,4-1,2-1,6.6,7.2,5.3,69,31,4.0,5.0,12.0,3.0,7.0,13.0,93.0,5.0,9.0,8.0,0.0,0.0,0.0,4.0,4.0,8.0,0.0,3.0,13.0,84.0,6.0,18.0,13.0,2.0,0.0,0.0,4,1,1,4,2020
2550,REAL BETIS,LEVANTE,2-0,0-0,4.1,7.3,5.4,56,44,6.0,6.0,15.0,3.0,4.0,16.0,84.0,4.0,10.0,14.0,2.0,0.0,0.0,4.0,1.0,7.0,2.0,1.0,22.0,77.0,9.0,9.0,10.0,0.0,0.0,0.0,2,0,0,2,2020
2551,ATHLETIC,EIBAR,1-1,1-1,4.1,6.4,6.0,55,45,8.0,4.0,18.0,6.0,10.0,34.0,78.0,22.0,9.0,5.0,1.0,0.0,0.0,1.0,2.0,4.0,1.0,1.0,20.0,75.0,30.0,22.0,15.0,1.0,0.0,0.0,1,1,1,1,2020
2552,CELTA,REAL MADRID,1-3,1-2,6.4,5.5,7.1,51,49,2.0,3.0,8.0,3.0,1.0,17.0,84.0,9.0,15.0,23.0,3.0,0.0,0.0,4.0,4.0,16.0,8.0,7.0,20.0,84.0,6.0,16.0,13.0,4.0,0.0,0.0,1,3,3,1,2020
2553,HUESCA,OSASUNA,0-0,0-0,2.6,6.5,6.1,56,44,7.0,3.0,15.0,5.0,5.0,29.0,75.0,22.0,14.0,9.0,1.0,0.0,0.0,3.0,2.0,7.0,2.0,1.0,23.0,69.0,23.0,35.0,13.0,2.0,0.0,0.0,0,0,0,0,2020
2554,VALLADOLID,SEVILLA FC,1-1,1-0,4.9,6.1,6.7,31,69,1.0,2.0,3.0,0.0,2.0,11.0,72.0,16.0,24.0,17.0,3.0,0.0,0.0,4.0,4.0,11.0,3.0,8.0,23.0,88.0,13.0,12.0,10.0,1.0,0.0,0.0,1,1,1,1,2020
2555,GETAFE,ELCHE,1-1,0-1,4.5,5.3,5.8,48,52,4.0,5.0,12.0,3.0,4.0,25.0,58.0,35.0,27.0,17.0,3.0,0.0,0.0,3.0,2.0,6.0,1.0,8.0,25.0,60.0,32.0,27.0,21.0,7.0,0.0,0.0,1,1,1,1,2020
2556,VILLARREAL,CÁDIZ CF,2-1,1-0,5.7,6.6,5.7,58,42,3.0,4.0,13.0,6.0,5.0,15.0,87.0,20.0,25.0,14.0,3.0,0.0,0.0,5.0,3.0,9.0,1.0,6.0,25.0,80.0,10.0,26.0,6.0,3.0,0.0,0.0,2,1,1,2,2020
2557,VALENCIA,GRANADA,2-1,1-0,6.3,7.0,5.1,49,51,5.0,9.0,18.0,4.0,3.0,18.0,78.0,15.0,20.0,11.0,0.0,0.0,0.0,8.0,3.0,15.0,4.0,4.0,22.0,77.0,17.0,14.0,11.0,3.0,0.0,0.0,2,1,1,2,2020
2558,ATLETICO MADRID,ALAVÉS,1-0,0-0,3.8,6.3,5.7,62,38,4.0,4.0,8.0,0.0,5.0,19.0,82.0,13.0,14.0,17.0,3.0,0.0,0.0,2.0,3.0,9.0,4.0,5.0,15.0,69.0,16.0,23.0,12.0,2.0,0.0,0.0,1,0,0,1,2020
2559,REAL SOCIEDAD,BARCELONA,1-6,0-2,7.2,4.3,8.7,31,69,1.0,5.0,10.0,4.0,1.0,12.0,80.0,6.0,11.0,11.0,3.0,0.0,0.0,0.0,10.0,14.0,4.0,1.0,22.0,90.0,6.0,4.0,12.0,2.0,0.0,0.0,1,6,6,1,2020
2560,LEVANTE,HUESCA,0-2,0-1,3.9,5.2,7.7,62,38,7.0,3.0,13.0,3.0,8.0,28.0,85.0,12.0,5.0,15.0,2.0,0.0,0.0,4.0,2.0,6.0,0.0,2.0,23.0,73.0,14.0,20.0,7.0,2.0,0.0,0.0,0,2,2,0,2020
2561,GRANADA,VILLARREAL,0-3,0-2,5.0,4.3,7.6,44,56,3.0,2.0,6.0,1.0,3.0,30.0,77.0,12.0,10.0,14.0,2.0,0.0,0.0,5.0,6.0,15.0,4.0,5.0,24.0,83.0,13.0,15.0,14.0,2.0,0.0,0.0,0,3,3,0,2020
2562,REAL MADRID,EIBAR,2-0,1-0,5.3,7.3,5.7,64,36,6.0,8.0,21.0,7.0,5.0,23.0,88.0,20.0,24.0,6.0,0.0,0.0,0.0,6.0,4.0,10.0,1.0,9.0,22.0,75.0,13.0,9.0,8.0,2.0,0.0,0.0,2,0,0,2,2020
2563,OSASUNA,GETAFE,0-0,0-0,1.7,5.6,6.1,58,42,2.0,1.0,4.0,1.0,2.0,23.0,67.0,52.0,33.0,23.0,2.0,0.0,0.0,3.0,2.0,6.0,1.0,4.0,26.0,50.0,36.0,22.0,18.0,3.0,0.0,0.0,0,0,0,0,2020
2564,ALAVÉS,CELTA,1-3,0-3,7.3,4.9,6.9,54,46,3.0,7.0,17.0,7.0,6.0,28.0,77.0,31.0,5.0,9.0,4.0,0.0,0.0,1.0,6.0,8.0,1.0,2.0,16.0,71.0,16.0,24.0,21.0,4.0,1.0,0.0,1,3,3,1,2020
2565,ELCHE,REAL BETIS,1-1,1-1,4.3,6.3,6.1,47,53,1.0,3.0,7.0,4.0,7.0,18.0,81.0,7.0,9.0,9.0,1.0,0.0,0.0,7.0,3.0,13.0,3.0,2.0,18.0,85.0,14.0,17.0,15.0,4.0,0.0,0.0,1,1,1,1,2020
2566,CÁDIZ CF,VALENCIA,2-1,1-1,6.2,6.5,6.2,33,67,4.0,2.0,6.0,1.0,4.0,23.0,66.0,17.0,15.0,10.0,2.0,0.0,0.0,4.0,6.0,11.0,1.0,13.0,16.0,85.0,10.0,20.0,7.0,2.0,0.0,0.0,2,1,1,2,2020
2567,SEVILLA FC,ATLETICO MADRID,1-0,0-0,4.4,6.4,5.4,56,44,8.0,5.0,18.0,5.0,3.0,27.0,85.0,15.0,25.0,13.0,2.0,0.0,0.0,2.0,4.0,9.0,3.0,2.0,18.0,79.0,17.0,17.0,11.0,4.0,0.0,0.0,1,0,0,1,2020
2568,BARCELONA,VALLADOLID,1-0,0-0,5.4,7.2,5.2,68,32,8.0,10.0,25.0,7.0,4.0,19.0,90.0,13.0,10.0,12.0,3.0,0.0,0.0,5.0,2.0,7.0,0.0,1.0,12.0,75.0,15.0,19.0,13.0,3.0,0.0,1.0,1,0,0,1,2020
2569,REAL SOCIEDAD,ATHLETIC,1-1,0-0,4.5,6.2,6.4,51,49,10.0,2.0,12.0,0.0,3.0,23.0,81.0,19.0,17.0,18.0,3.0,0.0,0.0,7.0,2.0,11.0,2.0,6.0,18.0,78.0,14.0,8.0,7.0,1.0,0.0,0.0,1,1,1,1,2020
2570,HUESCA,ELCHE,3-1,2-1,5.7,6.9,5.1,33,67,1.0,5.0,8.0,2.0,6.0,21.0,73.0,11.0,21.0,17.0,2.0,0.0,0.0,3.0,2.0,8.0,3.0,6.0,24.0,89.0,13.0,16.0,13.0,2.0,0.0,0.0,3,1,1,3,2020
2571,GETAFE,CÁDIZ CF,0-1,0-0,3.7,4.9,6.7,58,42,9.0,4.0,19.0,6.0,10.0,28.0,69.0,35.0,20.0,10.0,3.0,0.0,0.0,4.0,3.0,8.0,1.0,4.0,28.0,58.0,49.0,39.0,13.0,2.0,0.0,0.0,0,1,1,0,2020
2572,ATHLETIC,ALAVÉS,0-0,0-0,2.5,6.6,6.0,44,56,5.0,4.0,11.0,2.0,6.0,28.0,76.0,12.0,15.0,13.0,2.0,0.0,0.0,5.0,1.0,9.0,4.0,6.0,25.0,80.0,20.0,14.0,15.0,2.0,0.0,0.0,0,0,0,0,2020
2573,EIBAR,LEVANTE,0-1,0-1,2.9,5.7,6.5,53,47,4.0,4.0,10.0,2.0,6.0,20.0,73.0,27.0,8.0,9.0,3.0,0.0,0.0,3.0,1.0,6.0,2.0,3.0,30.0,72.0,19.0,25.0,7.0,2.0,0.0,0.0,0,1,1,0,2020
2574,REAL MADRID,BARCELONA,2-1,2-0,7.3,6.7,5.9,31,69,6.0,3.0,14.0,5.0,5.0,14.0,78.0,7.0,19.0,16.0,2.0,1.0,0.0,7.0,4.0,18.0,7.0,6.0,26.0,90.0,9.0,11.0,10.0,4.0,0.0,0.0,2,1,1,2,2020
2575,VILLARREAL,OSASUNA,1-2,0-0,5.5,5.9,6.5,68,32,6.0,6.0,15.0,3.0,6.0,31.0,83.0,18.0,16.0,6.0,0.0,0.0,0.0,3.0,4.0,12.0,5.0,5.0,17.0,67.0,27.0,30.0,12.0,0.0,0.0,0.0,1,2,2,1,2020
2576,VALENCIA,REAL SOCIEDAD,2-2,0-2,7.1,5.3,5.6,41,59,5.0,2.0,9.0,2.0,4.0,11.0,75.0,27.0,16.0,11.0,5.0,1.0,0.0,6.0,5.0,16.0,5.0,5.0,13.0,80.0,17.0,9.0,17.0,4.0,0.0,0.0,2,2,2,2,2020
2577,VALLADOLID,GRANADA,1-2,1-0,6.0,5.3,6.7,54,46,3.0,3.0,7.0,1.0,2.0,19.0,79.0,20.0,19.0,14.0,4.0,0.0,0.0,5.0,6.0,12.0,1.0,4.0,21.0,74.0,24.0,14.0,15.0,2.0,0.0,0.0,1,2,2,1,2020
2578,REAL BETIS,ATLETICO MADRID,1-1,1-1,4.5,6.9,6.6,54,46,1.0,4.0,8.0,3.0,5.0,16.0,86.0,21.0,34.0,12.0,0.0,0.0,0.0,4.0,4.0,10.0,2.0,5.0,27.0,83.0,15.0,11.0,13.0,0.0,0.0,0.0,1,1,1,1,2020
2579,CELTA,SEVILLA FC,3-4,3-2,9.0,5.7,6.9,42,58,3.0,5.0,12.0,4.0,5.0,15.0,77.0,10.0,19.0,18.0,3.0,0.0,0.0,5.0,6.0,13.0,2.0,2.0,28.0,85.0,18.0,17.0,15.0,2.0,0.0,0.0,3,4,4,3,2020
2580,LEVANTE,SEVILLA FC,0-1,0-0,3.2,5.3,7.2,43,57,2.0,1.0,6.0,3.0,2.0,23.0,78.0,13.0,12.0,15.0,4.0,0.0,0.0,4.0,3.0,10.0,3.0,3.0,29.0,86.0,15.0,16.0,13.0,1.0,0.0,0.0,0,1,1,0,2020
2581,OSASUNA,VALENCIA,3-1,2-1,7.2,6.7,4.7,44,56,6.0,9.0,18.0,3.0,5.0,20.0,75.0,12.0,14.0,17.0,1.0,0.0,0.0,5.0,5.0,10.0,0.0,6.0,21.0,80.0,15.0,16.0,11.0,2.0,0.0,0.0,3,1,1,3,2020
2582,REAL BETIS,ATHLETIC,0-0,0-0,3.3,5.9,6.4,40,60,3.0,2.0,6.0,1.0,5.0,17.0,79.0,10.0,27.0,10.0,3.0,0.0,1.0,8.0,4.0,16.0,4.0,4.0,17.0,87.0,15.0,13.0,16.0,2.0,0.0,0.0,0,0,0,0,2020
2583,ELCHE,VALLADOLID,1-1,1-0,5.1,6.2,5.9,45,55,3.0,3.0,9.0,3.0,4.0,24.0,79.0,18.0,24.0,23.0,5.0,0.0,0.0,4.0,4.0,12.0,4.0,6.0,24.0,78.0,20.0,16.0,11.0,3.0,0.0,0.0,1,1,1,1,2020
2584,ALAVÉS,VILLARREAL,2-1,1-0,5.7,6.5,6.1,33,67,5.0,4.0,9.0,0.0,3.0,20.0,74.0,15.0,23.0,8.0,2.0,0.0,0.0,2.0,5.0,10.0,3.0,8.0,25.0,88.0,8.0,11.0,11.0,1.0,0.0,0.0,2,1,1,2,2020
2585,CÁDIZ CF,REAL MADRID,0-3,0-3,5.3,4.9,7.4,38,62,8.0,3.0,14.0,3.0,7.0,12.0,78.0,16.0,9.0,13.0,4.0,0.0,0.0,8.0,4.0,14.0,2.0,3.0,14.0,87.0,15.0,17.0,21.0,3.0,0.0,0.0,0,3,3,0,2020
2586,ATLETICO MADRID,HUESCA,2-0,1-0,5.1,7.3,5.3,53,47,3.0,12.0,17.0,2.0,8.0,18.0,89.0,11.0,12.0,9.0,2.0,0.0,0.0,3.0,2.0,5.0,0.0,1.0,13.0,89.0,9.0,15.0,11.0,0.0,0.0,0.0,2,0,0,2,2020
2587,REAL SOCIEDAD,CELTA,2-1,2-1,5.5,5.8,5.0,41,59,2.0,3.0,7.0,2.0,2.0,21.0,72.0,23.0,20.0,17.0,4.0,0.0,0.0,5.0,3.0,10.0,2.0,4.0,21.0,78.0,29.0,8.0,17.0,5.0,0.0,0.0,2,1,1,2,2020
2588,GRANADA,EIBAR,4-1,2-0,5.6,7.1,4.8,33,67,4.0,4.0,8.0,0.0,4.0,37.0,65.0,18.0,30.0,13.0,1.0,0.0,0.0,11.0,3.0,16.0,2.0,7.0,20.0,82.0,18.0,13.0,10.0,1.0,0.0,0.0,4,1,1,4,2020
2589,BARCELONA,GETAFE,5-2,3-1,7.9,7.7,4.3,80,20,3.0,6.0,9.0,0.0,3.0,24.0,91.0,20.0,11.0,8.0,2.0,0.0,0.0,4.0,1.0,5.0,0.0,1.0,9.0,66.0,14.0,14.0,15.0,0.0,0.0,0.0,5,2,2,5,2020
2590,ELCHE,LEVANTE,1-0,1-0,3.2,7.2,5.2,34,66,4.0,3.0,8.0,1.0,4.0,11.0,77.0,6.0,16.0,10.0,3.0,0.0,0.0,4.0,1.0,6.0,1.0,2.0,19.0,86.0,5.0,17.0,14.0,4.0,0.0,0.0,1,0,0,1,2020
2591,VALLADOLID,CÁDIZ CF,1-1,1-0,4.4,6.0,6.5,61,39,5.0,6.0,13.0,2.0,5.0,18.0,79.0,17.0,22.0,11.0,1.0,0.0,0.0,3.0,2.0,6.0,1.0,7.0,29.0,72.0,22.0,13.0,20.0,3.0,0.0,0.0,1,1,1,1,2020
2592,VALENCIA,ALAVÉS,1-1,0-0,4.5,5.9,6.2,54,46,4.0,2.0,9.0,3.0,7.0,23.0,82.0,11.0,16.0,17.0,4.0,0.0,0.0,3.0,2.0,6.0,1.0,2.0,15.0,74.0,16.0,14.0,16.0,0.0,0.0,1.0,1,1,1,1,2020
2593,REAL MADRID,REAL BETIS,0-0,0-0,3.3,6.5,6.4,58,42,7.0,5.0,17.0,5.0,8.0,16.0,89.0,11.0,13.0,17.0,1.0,0.0,0.0,4.0,2.0,6.0,0.0,2.0,19.0,84.0,13.0,23.0,13.0,2.0,0.0,0.0,0,0,0,0,2020
2594,HUESCA,GETAFE,0-2,0-1,3.3,5.2,6.6,69,31,7.0,1.0,8.0,1.0,1.0,22.0,83.0,24.0,8.0,16.0,2.0,0.0,0.0,2.0,4.0,6.0,0.0,0.0,23.0,62.0,22.0,23.0,22.0,4.0,0.0,0.0,0,2,2,0,2020
2595,VILLARREAL,BARCELONA,1-2,1-2,6.3,5.6,6.9,44,56,5.0,4.0,10.0,1.0,6.0,17.0,83.0,4.0,6.0,16.0,2.0,0.0,1.0,6.0,5.0,15.0,4.0,1.0,13.0,89.0,12.0,11.0,10.0,3.0,0.0,0.0,1,2,2,1,2020
2596,SEVILLA FC,GRANADA,2-1,1-0,5.3,6.7,5.5,64,36,5.0,4.0,10.0,1.0,5.0,33.0,82.0,32.0,11.0,11.0,2.0,0.0,0.0,0.0,2.0,4.0,2.0,5.0,24.0,68.0,17.0,8.0,14.0,3.0,0.0,0.0,2,1,1,2,2020
2597,CELTA,OSASUNA,2-1,1-0,5.1,6.7,5.6,49,51,2.0,2.0,7.0,3.0,2.0,25.0,68.0,28.0,28.0,13.0,1.0,0.0,0.0,6.0,3.0,12.0,3.0,8.0,38.0,66.0,37.0,8.0,12.0,4.0,0.0,0.0,2,1,1,2,2020
2598,ATHLETIC,ATLETICO MADRID,2-1,1-0,6.1,6.7,6.1,38,62,5.0,3.0,11.0,3.0,4.0,20.0,77.0,16.0,33.0,20.0,4.0,0.0,0.0,8.0,3.0,14.0,3.0,11.0,21.0,86.0,13.0,13.0,7.0,2.0,0.0,0.0,2,1,1,2,2020
2599,EIBAR,REAL SOCIEDAD,0-1,0-1,3.1,5.5,6.7,54,46,2.0,5.0,14.0,7.0,2.0,29.0,76.0,29.0,6.0,8.0,5.0,0.0,0.0,1.0,2.0,5.0,2.0,3.0,26.0,71.0,18.0,19.0,20.0,1.0,0.0,0.0,0,1,1,0,2020
2600,OSASUNA,ELCHE,2-0,1-0,3.7,6.5,5.4,48,52,6.0,3.0,9.0,0.0,4.0,17.0,77.0,24.0,19.0,14.0,2.0,0.0,0.0,3.0,2.0,8.0,3.0,5.0,20.0,81.0,13.0,15.0,15.0,1.0,0.0,0.0,2,0,0,2,2020
2601,REAL SOCIEDAD,SEVILLA FC,1-2,1-2,6.0,5.2,6.9,49,51,1.0,2.0,5.0,2.0,7.0,18.0,77.0,18.0,15.0,20.0,3.0,0.0,0.0,6.0,7.0,15.0,2.0,3.0,22.0,80.0,17.0,22.0,15.0,2.0,0.0,0.0,1,2,2,1,2020
2602,ATLETICO MADRID,EIBAR,5-0,2-0,5.0,8.6,4.3,61,39,3.0,7.0,10.0,0.0,8.0,22.0,87.0,11.0,9.0,10.0,0.0,0.0,0.0,0.0,0.0,0.0,0.0,3.0,29.0,76.0,15.0,9.0,10.0,1.0,0.0,0.0,5,0,0,5,2020
2603,ALAVÉS,HUESCA,1-0,0-0,3.6,6.4,5.5,51,49,5.0,2.0,10.0,3.0,7.0,20.0,83.0,13.0,18.0,15.0,1.0,0.0,0.0,6.0,1.0,9.0,2.0,3.0,25.0,81.0,13.0,19.0,13.0,2.0,0.0,0.0,1,0,0,1,2020
2604,CÁDIZ CF,CELTA,0-0,0-0,2.6,6.0,6.5,23,77,3.0,2.0,5.0,0.0,4.0,20.0,61.0,16.0,24.0,6.0,0.0,0.0,0.0,7.0,4.0,11.0,0.0,7.0,21.0,89.0,15.0,17.0,13.0,1.0,0.0,0.0,0,0,0,0,2020
2605,REAL BETIS,VALENCIA,2-2,2-1,7.0,6.0,6.2,56,44,3.0,5.0,9.0,1.0,6.0,19.0,86.0,5.0,13.0,12.0,3.0,0.0,0.0,4.0,3.0,9.0,2.0,3.0,16.0,84.0,9.0,14.0,10.0,1.0,0.0,0.0,2,2,2,2,2020
2606,LEVANTE,VILLARREAL,1-5,1-2,6.1,4.2,8.4,44,56,9.0,3.0,12.0,0.0,4.0,12.0,84.0,4.0,11.0,9.0,2.0,0.0,0.0,4.0,7.0,14.0,3.0,5.0,15.0,87.0,8.0,9.0,7.0,1.0,0.0,0.0,1,5,5,1,2020
2607,GETAFE,REAL MADRID,0-0,0-0,3.3,6.3,6.0,41,59,8.0,6.0,19.0,5.0,6.0,21.0,73.0,20.0,12.0,17.0,3.0,0.0,0.0,5.0,2.0,10.0,3.0,6.0,23.0,83.0,22.0,23.0,8.0,1.0,0.0,0.0,0,0,0,0,2020
2608,ATHLETIC,VALLADOLID,2-2,1-0,7.4,6.6,6.1,51,49,5.0,7.0,13.0,1.0,5.0,32.0,79.0,22.0,28.0,8.0,1.0,0.0,0.0,6.0,4.0,14.0,4.0,7.0,19.0,79.0,22.0,29.0,13.0,1.0,0.0,0.0,2,2,2,2,2020
2609,BARCELONA,GRANADA,1-2,1-0,5.2,6.0,6.8,82,18,4.0,4.0,16.0,8.0,6.0,18.0,91.0,14.0,2.0,10.0,0.0,0.0,0.0,2.0,2.0,5.0,1.0,1.0,9.0,64.0,10.0,21.0,22.0,4.0,0.0,0.0,1,2,2,1,2020
2610,CELTA,LEVANTE,2-0,0-0,3.8,6.9,5.5,54,46,3.0,5.0,8.0,0.0,1.0,30.0,76.0,9.0,17.0,12.0,2.0,0.0,0.0,6.0,2.0,10.0,2.0,5.0,33.0,72.0,17.0,16.0,13.0,2.0,0.0,0.0,2,0,0,2,2020
2611,EIBAR,ALAVÉS,3-0,1-0,4.5,7.4,5.1,44,56,5.0,4.0,15.0,6.0,10.0,26.0,63.0,30.0,14.0,12.0,0.0,0.0,0.0,4.0,2.0,6.0,0.0,5.0,27.0,71.0,31.0,29.0,12.0,2.0,0.0,0.0,3,0,0,3,2020
2612,ELCHE,ATLETICO MADRID,0-1,0-1,3.2,5.4,6.4,51,49,4.0,1.0,6.0,1.0,3.0,19.0,83.0,8.0,10.0,20.0,3.0,0.0,0.0,3.0,4.0,11.0,4.0,2.0,20.0,82.0,12.0,9.0,16.0,3.0,0.0,0.0,0,1,1,0,2020
2613,HUESCA,REAL SOCIEDAD,1-0,0-0,3.6,6.7,5.1,47,53,4.0,3.0,10.0,3.0,2.0,30.0,73.0,18.0,15.0,14.0,2.0,0.0,0.0,2.0,3.0,7.0,2.0,7.0,33.0,78.0,12.0,15.0,11.0,2.0,0.0,0.0,1,0,0,1,2020
2614,REAL MADRID,OSASUNA,2-0,0-0,4.4,7.3,5.3,65,35,11.0,6.0,22.0,5.0,7.0,20.0,89.0,14.0,14.0,9.0,0.0,0.0,0.0,1.0,2.0,3.0,0.0,0.0,17.0,75.0,7.0,19.0,12.0,2.0,0.0,0.0,2,0,0,2,2020
2615,VALLADOLID,REAL BETIS,1-1,0-0,4.1,6.2,6.8,44,56,5.0,2.0,10.0,3.0,3.0,27.0,79.0,10.0,18.0,7.0,2.0,0.0,0.0,4.0,4.0,11.0,3.0,2.0,19.0,84.0,17.0,21.0,14.0,5.0,0.0,0.0,1,1,1,1,2020
2616,VILLARREAL,GETAFE,1-0,0-0,2.9,6.3,5.7,66,34,0.0,3.0,4.0,1.0,4.0,19.0,80.0,15.0,21.0,13.0,1.0,0.0,0.0,9.0,3.0,15.0,3.0,4.0,23.0,60.0,21.0,10.0,17.0,2.0,0.0,0.0,1,0,0,1,2020
2617,GRANADA,CÁDIZ CF,0-1,0-1,3.3,4.4,7.1,65,35,4.0,2.0,9.0,3.0,6.0,25.0,71.0,23.0,23.0,12.0,6.0,1.0,0.0,2.0,4.0,8.0,2.0,5.0,27.0,56.0,27.0,29.0,10.0,2.0,0.0,0.0,0,1,1,0,2020
2618,VALENCIA,BARCELONA,2-3,0-0,8.2,5.3,6.9,32,68,3.0,4.0,9.0,2.0,2.0,7.0,81.0,8.0,9.0,12.0,2.0,0.0,0.0,5.0,7.0,14.0,2.0,1.0,16.0,90.0,11.0,5.0,14.0,1.0,0.0,0.0,2,3,3,2,2020
2619,SEVILLA FC,ATHLETIC,0-1,0-0,3.7,5.9,6.8,74,26,11.0,3.0,18.0,4.0,6.0,22.0,90.0,11.0,14.0,13.0,1.0,0.0,0.0,4.0,2.0,8.0,2.0,2.0,22.0,71.0,12.0,23.0,15.0,0.0,0.0,0.0,0,1,1,0,2020
2620,REAL SOCIEDAD,ELCHE,2-0,0-0,3.9,6.5,4.7,74,26,11.0,3.0,16.0,2.0,7.0,12.0,89.0,19.0,7.0,8.0,1.0,0.0,0.0,1.0,0.0,1.0,0.0,0.0,21.0,64.0,9.0,13.0,10.0,3.0,0.0,1.0,2,0,0,2,2020
2621,ALAVÉS,LEVANTE,2-2,1-2,7.0,6.1,6.0,53,47,5.0,5.0,15.0,5.0,8.0,20.0,75.0,19.0,7.0,12.0,2.0,0.0,0.0,2.0,3.0,6.0,1.0,3.0,23.0,75.0,9.0,24.0,18.0,1.0,0.0,0.0,2,2,2,2,2020
2622,BARCELONA,ATLETICO MADRID,0-0,0-0,3.6,6.8,6.5,59,41,4.0,7.0,12.0,1.0,5.0,16.0,91.0,9.0,15.0,13.0,3.0,0.0,0.0,2.0,6.0,11.0,3.0,7.0,18.0,85.0,8.0,11.0,26.0,3.0,0.0,0.0,0,0,0,0,2020
2623,CÁDIZ CF,HUESCA,2-1,2-1,5.1,5.9,6.1,33,67,9.0,1.0,10.0,0.0,3.0,19.0,71.0,22.0,16.0,14.0,4.0,0.0,0.0,7.0,5.0,13.0,1.0,3.0,17.0,87.0,13.0,14.0,13.0,0.0,0.0,0.0,2,1,1,2,2020
2624,ATHLETIC,OSASUNA,2-2,1-1,7.3,6.2,6.1,45,55,9.0,3.0,13.0,1.0,10.0,16.0,76.0,26.0,30.0,4.0,1.0,0.0,0.0,5.0,4.0,13.0,4.0,4.0,28.0,78.0,24.0,24.0,10.0,2.0,0.0,0.0,2,2,2,2,2020
2625,GETAFE,EIBAR,0-1,0-0,3.1,4.9,6.6,39,61,7.0,2.0,10.0,1.0,4.0,37.0,53.0,24.0,12.0,11.0,1.0,0.0,0.0,3.0,3.0,7.0,1.0,2.0,30.0,68.0,39.0,27.0,11.0,2.0,0.0,0.0,0,1,1,0,2020
2626,VALENCIA,VALLADOLID,3-0,1-0,5.1,7.3,5.4,41,59,2.0,3.0,6.0,1.0,1.0,15.0,83.0,12.0,34.0,17.0,0.0,0.0,0.0,11.0,2.0,19.0,6.0,9.0,12.0,86.0,15.0,6.0,6.0,0.0,0.0,0.0,3,0,0,3,2020
2627,VILLARREAL,CELTA,2-4,1-3,9.2,3.9,6.9,60,40,6.0,7.0,16.0,3.0,5.0,25.0,87.0,14.0,13.0,11.0,3.0,0.0,2.0,5.0,6.0,11.0,0.0,3.0,16.0,75.0,11.0,24.0,16.0,2.0,1.0,0.0,2,4,4,2,2020
2628,REAL MADRID,SEVILLA FC,2-2,0-1,8.3,6.4,6.3,59,41,9.0,7.0,17.0,1.0,7.0,16.0,91.0,3.0,9.0,8.0,1.0,0.0,0.0,3.0,3.0,7.0,1.0,3.0,18.0,85.0,8.0,19.0,8.0,2.0,0.0,0.0,2,2,2,2,2020
2629,REAL BETIS,GRANADA,2-1,1-0,6.5,6.7,5.5,62,38,4.0,6.0,14.0,4.0,9.0,20.0,85.0,17.0,18.0,16.0,2.0,0.0,0.0,4.0,5.0,11.0,2.0,2.0,19.0,69.0,13.0,17.0,11.0,4.0,0.0,0.0,2,1,1,2,2020
2630,OSASUNA,CÁDIZ CF,3-2,1-0,7.8,6.0,5.8,64,36,6.0,4.0,14.0,4.0,3.0,20.0,80.0,25.0,9.0,15.0,2.0,0.0,0.0,4.0,4.0,10.0,2.0,5.0,26.0,65.0,28.0,16.0,12.0,2.0,0.0,0.0,3,2,2,3,2020
2631,ELCHE,ALAVÉS,0-2,0-1,4.3,5.7,6.7,67,33,5.0,4.0,11.0,2.0,7.0,25.0,86.0,19.0,14.0,21.0,2.0,0.0,0.0,6.0,2.0,9.0,1.0,5.0,14.0,74.0,23.0,33.0,15.0,4.0,0.0,0.0,0,2,2,0,2020
2632,LEVANTE,BARCELONA,3-3,0-2,9.7,6.5,6.5,39,61,4.0,6.0,16.0,6.0,8.0,11.0,85.0,5.0,15.0,12.0,2.0,0.0,0.0,8.0,5.0,17.0,4.0,6.0,9.0,88.0,6.0,11.0,4.0,2.0,0.0,0.0,3,3,3,3,2020
2633,SEVILLA FC,VALENCIA,1-0,0-0,3.3,6.8,5.8,61,39,4.0,4.0,10.0,2.0,3.0,19.0,90.0,11.0,13.0,17.0,2.0,0.0,0.0,3.0,2.0,6.0,1.0,5.0,15.0,84.0,4.0,16.0,6.0,2.0,0.0,0.0,1,0,0,1,2020
2634,CELTA,GETAFE,1-0,1-0,2.8,6.4,6.3,61,39,1.0,1.0,4.0,2.0,1.0,16.0,77.0,22.0,42.0,16.0,1.0,0.0,0.0,5.0,4.0,13.0,4.0,5.0,30.0,68.0,28.0,6.0,18.0,3.0,0.0,0.0,1,0,0,1,2020
2635,HUESCA,ATHLETIC,1-0,0-0,3.8,7.3,5.1,51,49,9.0,6.0,18.0,3.0,5.0,26.0,81.0,9.0,12.0,9.0,0.0,0.0,0.0,1.0,3.0,4.0,0.0,0.0,24.0,75.0,21.0,21.0,14.0,1.0,0.0,0.0,1,0,0,1,2020
2636,ATLETICO MADRID,REAL SOCIEDAD,2-1,2-0,6.4,6.7,6.2,35,65,7.0,4.0,12.0,1.0,1.0,15.0,79.0,8.0,20.0,11.0,0.0,0.0,0.0,3.0,7.0,14.0,4.0,7.0,13.0,89.0,11.0,3.0,15.0,0.0,0.0,0.0,2,1,1,2,2020
2637,VALLADOLID,VILLARREAL,0-2,0-0,4.3,5.5,6.9,39,61,7.0,2.0,11.0,2.0,3.0,20.0,73.0,13.0,19.0,15.0,3.0,0.0,0.0,2.0,3.0,9.0,4.0,6.0,24.0,80.0,17.0,18.0,14.0,1.0,0.0,0.0,0,2,2,0,2020
2638,EIBAR,REAL BETIS,1-1,0-1,4.4,5.8,6.4,64,36,8.0,4.0,14.0,2.0,5.0,33.0,80.0,35.0,5.0,12.0,3.0,0.0,0.0,3.0,4.0,9.0,2.0,4.0,25.0,61.0,23.0,36.0,8.0,1.0,0.0,0.0,1,1,1,1,2020
2639,GRANADA,REAL MADRID,1-4,0-2,6.1,4.9,7.6,35,65,2.0,5.0,10.0,3.0,2.0,16.0,76.0,9.0,9.0,15.0,3.0,0.0,0.0,6.0,7.0,16.0,3.0,3.0,11.0,88.0,13.0,8.0,9.0,3.0,0.0,0.0,1,4,4,1,2020
2640,BARCELONA,CELTA,1-2,1-1,6.4,5.6,7.4,64,36,12.0,4.0,20.0,4.0,7.0,25.0,91.0,9.0,3.0,9.0,2.0,1.0,0.0,0.0,4.0,4.0,0.0,1.0,17.0,80.0,9.0,21.0,14.0,2.0,0.0,0.0,1,2,2,1,2020
2641,VALENCIA,EIBAR,4-1,3-1,6.5,6.8,5.6,42,58,4.0,5.0,9.0,1.0,2.0,21.0,80.0,17.0,36.0,5.0,0.0,0.0,0.0,6.0,8.0,20.0,6.0,10.0,16.0,88.0,13.0,5.0,7.0,0.0,0.0,0.0,4,1,1,4,2020
2642,ATLETICO MADRID,OSASUNA,2-1,0-0,7.0,7.4,4.6,73,27,13.0,9.0,26.0,4.0,8.0,28.0,84.0,25.0,4.0,2.0,1.0,0.0,0.0,1.0,2.0,5.0,2.0,0.0,11.0,59.0,11.0,35.0,13.0,2.0,0.0,0.0,2,1,1,2,2020
2643,ATHLETIC,REAL MADRID,0-1,0-0,3.7,5.3,7.2,36,64,5.0,1.0,8.0,2.0,4.0,21.0,78.0,7.0,27.0,10.0,3.0,0.0,1.0,6.0,2.0,11.0,3.0,11.0,24.0,90.0,9.0,15.0,7.0,1.0,0.0,0.0,0,1,1,0,2020
2644,GETAFE,LEVANTE,2-1,1-1,5.2,6.1,5.7,34,66,5.0,3.0,9.0,1.0,3.0,18.0,62.0,18.0,11.0,15.0,5.0,0.0,1.0,3.0,1.0,4.0,0.0,4.0,21.0,80.0,19.0,13.0,11.0,0.0,0.0,0.0,2,1,1,2,2020
2645,REAL SOCIEDAD,VALLADOLID,4-1,4-0,7.3,7.9,4.0,54,46,3.0,9.0,14.0,2.0,2.0,12.0,87.0,17.0,20.0,16.0,2.0,0.0,0.0,8.0,5.0,19.0,6.0,4.0,18.0,85.0,7.0,6.0,11.0,4.0,0.0,1.0,4,1,1,4,2020
2646,REAL BETIS,HUESCA,1-0,0-0,2.7,6.0,5.2,47,53,3.0,2.0,10.0,5.0,2.0,19.0,78.0,17.0,21.0,15.0,1.0,0.0,0.0,4.0,0.0,7.0,3.0,5.0,24.0,77.0,20.0,12.0,19.0,5.0,0.0,1.0,1,0,0,1,2020
2647,VILLARREAL,SEVILLA FC,4-0,1-0,6.0,8.0,5.1,42,58,2.0,5.0,12.0,5.0,3.0,15.0,87.0,7.0,10.0,9.0,0.0,0.0,0.0,5.0,5.0,17.0,7.0,6.0,14.0,91.0,8.0,1.0,7.0,2.0,1.0,0.0,4,0,0,4,2020
2648,ALAVÉS,GRANADA,4-2,2-1,7.8,7.4,4.7,53,47,4.0,9.0,14.0,1.0,6.0,24.0,79.0,36.0,9.0,7.0,2.0,0.0,0.0,2.0,2.0,5.0,1.0,1.0,23.0,75.0,15.0,17.0,11.0,4.0,0.0,0.0,4,2,2,4,2020
2649,CÁDIZ CF,ELCHE,1-3,1-0,6.8,5.1,6.9,32,68,1.0,3.0,7.0,3.0,1.0,8.0,75.0,13.0,24.0,13.0,3.0,0.0,0.0,9.0,5.0,20.0,6.0,8.0,15.0,90.0,21.0,8.0,15.0,4.0,0.0,0.0,1,3,3,1,2020
2650,LEVANTE,CÁDIZ CF,2-2,1-2,6.7,5.9,6.9,70,30,10.0,4.0,17.0,3.0,7.0,21.0,89.0,13.0,3.0,17.0,0.0,0.0,0.0,3.0,2.0,6.0,1.0,0.0,12.0,69.0,8.0,21.0,8.0,2.0,0.0,0.0,2,2,2,2,2020
2651,CELTA,REAL BETIS,2-3,1-0,7.9,5.2,6.2,64,36,5.0,4.0,11.0,2.0,8.0,14.0,86.0,10.0,16.0,20.0,6.0,0.0,0.0,5.0,5.0,11.0,1.0,4.0,16.0,75.0,18.0,25.0,20.0,6.0,1.0,0.0,2,3,3,2,2020
2652,VALLADOLID,ATLETICO MADRID,1-2,1-0,5.4,5.9,6.0,49,51,5.0,4.0,10.0,1.0,4.0,12.0,77.0,14.0,24.0,11.0,4.0,0.0,0.0,8.0,3.0,14.0,3.0,6.0,21.0,78.0,18.0,13.0,11.0,6.0,0.0,0.0,1,2,2,1,2020
2653,ELCHE,ATHLETIC,2-0,1-0,3.7,7.3,5.0,45,55,5.0,3.0,8.0,0.0,3.0,21.0,82.0,13.0,22.0,10.0,3.0,0.0,0.0,6.0,2.0,8.0,0.0,1.0,23.0,82.0,11.0,10.0,6.0,0.0,0.0,0.0,2,0,0,2,2020
2654,HUESCA,VALENCIA,0-0,0-0,4.1,6.7,5.3,54,46,8.0,8.0,22.0,6.0,9.0,24.0,83.0,18.0,3.0,17.0,2.0,0.0,0.0,3.0,4.0,11.0,4.0,3.0,20.0,78.0,15.0,34.0,15.0,1.0,0.0,0.0,0,0,0,0,2020
2655,EIBAR,BARCELONA,0-1,0-0,3.8,5.8,6.7,33,67,8.0,3.0,17.0,6.0,6.0,13.0,77.0,10.0,16.0,11.0,0.0,0.0,0.0,2.0,3.0,7.0,2.0,3.0,17.0,88.0,11.0,16.0,15.0,3.0,0.0,0.0,0,1,1,0,2020
2656,REAL MADRID,VILLARREAL,2-1,0-1,5.9,6.8,6.0,55,45,8.0,4.0,14.0,2.0,6.0,25.0,88.0,8.0,3.0,8.0,0.0,0.0,0.0,2.0,2.0,6.0,2.0,1.0,14.0,84.0,5.0,26.0,13.0,0.0,0.0,0.0,2,1,1,2,2020
2657,OSASUNA,REAL SOCIEDAD,0-1,0-0,3.1,5.4,7.0,43,57,3.0,1.0,7.0,3.0,3.0,30.0,72.0,27.0,9.0,15.0,1.0,0.0,0.0,8.0,1.0,11.0,2.0,3.0,16.0,81.0,16.0,18.0,7.0,0.0,0.0,0.0,0,1,1,0,2020
2658,GRANADA,GETAFE,0-0,0-0,2.3,5.6,6.2,39,61,5.0,3.0,9.0,1.0,6.0,21.0,60.0,14.0,23.0,16.0,4.0,0.0,0.0,3.0,2.0,11.0,6.0,3.0,27.0,71.0,26.0,22.0,13.0,2.0,0.0,0.0,0,0,0,0,2020
2659,SEVILLA FC,ALAVÉS,1-0,0-0,3.8,6.7,5.9,69,31,6.0,2.0,11.0,3.0,6.0,12.0,89.0,18.0,14.0,11.0,1.0,0.0,0.0,8.0,2.0,11.0,1.0,4.0,21.0,74.0,15.0,25.0,8.0,0.0,0.0,0.0,1,0,0,1,2020
